RecordID,Date,Material,MaterialCode,Plant,StorageLocation,BaseUnit,DayOfWeek,Month,CurrentStock,DailyConsumption,AvgConsumption7D,Consumption30D,IncomingPO7D,Demand7D,StockAfter7D,StockoutWithin7D,DataSplit
1,2026-02-01,2266,0,1000,V01,PC,6,2,1920.83,2.3,,256.77,506,42,2333.02,0,TRAIN
2,2026-02-02,2266,0,1000,V01,PC,0,2,1914.93,8.49,,246.07,506,41,2324.36,0,TRAIN
3,2026-02-03,2266,0,1000,V01,PC,1,2,1899.44,11.49,,243.99,506,39,2311.85,0,TRAIN
4,2026-02-04,2266,0,1000,V01,PC,2,2,1879.95,7.2,,248.18,506,38,2297.34,0,TRAIN
5,2026-02-05,2266,0,1000,V01,PC,3,2,2375.75,10.66,,244.89,0,43,2279.54,0,TRAIN
6,2026-02-06,2266,0,1000,V01,PC,4,2,2356.09,7,,246.06,0,37,2270.2,0,TRAIN
7,2026-02-07,2266,0,1000,V01,PC,5,2,2346.09,4.67,7.4,238.86,0,38,2255.2,0,TRAIN
8,2026-02-08,2266,0,1000,V01,PC,6,2,2333.02,6.06,7.94,233.87,0,38,2241.23,0,TRAIN
9,2026-02-09,2266,0,1000,V01,PC,0,2,2324.36,7.51,7.8,231.93,450,40,2677.33,0,TRAIN
10,2026-02-10,2266,0,1000,V01,PC,1,2,2311.85,7.51,7.23,235.77,450,42,2662.84,0,TRAIN
11,2026-02-11,2266,0,1000,V01,PC,2,2,2297.34,9.8,7.6,236.22,450,40,2648.35,0,TRAIN
12,2026-02-12,2266,0,1000,V01,PC,3,2,2279.54,6.34,6.98,236.51,450,38,2634.15,0,TRAIN
13,2026-02-13,2266,0,1000,V01,PC,4,2,2270.2,11,7.56,238.34,450,40,2618.49,0,TRAIN
14,2026-02-14,2266,0,1000,V01,PC,5,2,2255.2,5.57,7.68,243.54,450,41,2605.49,0,TRAIN
15,2026-02-15,2266,0,1000,V01,PC,6,2,2241.23,9.3,8.15,236.77,450,39,2593.42,0,TRAIN
16,2026-02-16,2266,0,1000,V01,PC,0,2,2677.33,7.49,8.14,239.07,0,42,2578.76,0,TRAIN
17,2026-02-17,2266,0,1000,V01,PC,1,2,2662.84,9.49,8.43,242.99,0,42,2564.25,0,TRAIN
18,2026-02-18,2266,0,1000,V01,PC,2,2,2648.35,8.2,8.2,246.18,0,44,2551.74,0,TRAIN
19,2026-02-19,2266,0,1000,V01,PC,3,2,2634.15,10.66,8.82,242.89,0,41,2541.94,0,TRAIN
20,2026-02-20,2266,0,1000,V01,PC,4,2,2618.49,8,8.39,239.06,266,40,2792.6,0,TRAIN
21,2026-02-21,2266,0,1000,V01,PC,5,2,2605.49,5.67,8.4,236.86,266,42,2772.6,0,TRAIN
22,2026-02-22,2266,0,1000,V01,PC,6,2,2593.42,7.06,8.08,234.87,266,40,2757.63,0,TRAIN
23,2026-02-23,2266,0,1000,V01,PC,0,2,2578.76,7.51,8.08,232.93,266,33,2751.73,0,TRAIN
24,2026-02-24,2266,0,1000,V01,PC,1,2,2564.25,5.51,7.52,234.77,266,35,2728.24,0,TRAIN
25,2026-02-25,2266,0,1000,V01,PC,2,2,2551.74,6.8,7.32,239.22,266,34,2710.75,0,TRAIN
26,2026-02-26,2266,0,1000,V01,PC,3,2,2541.94,11.34,7.41,236.51,266,35,2692.55,0,TRAIN
27,2026-02-27,2266,0,1000,V01,PC,4,2,2792.6,13,8.13,238.34,0,41,2672.89,0,TRAIN
28,2026-02-28,2266,0,1000,V01,PC,5,2,2772.6,10.57,8.83,242.54,0,41,2655.89,0,TRAIN
29,2026-03-01,2266,0,1000,V01,PC,6,3,2757.63,5.3,8.58,242.77,0,44,2638.82,0,TRAIN
30,2026-03-02,2266,0,1000,V01,PC,0,3,2751.73,14.49,9.57,238.07,0,51,2623.16,0,TRAIN
31,2026-03-03,2266,0,1000,V01,PC,1,3,2728.24,11.49,10.43,245.99,600,45,3213.65,0,TRAIN
32,2026-03-04,2266,0,1000,V01,PC,2,3,2710.75,14.2,11.48,255.18,600,45,3203.14,0,TRAIN
33,2026-03-05,2266,0,1000,V01,PC,3,3,2692.55,9.66,11.24,260.89,600,50,3189.34,0,TRAIN
34,2026-03-06,2266,0,1000,V01,PC,4,3,2672.89,10,10.82,259.06,600,45,3179,0,TRAIN
35,2026-03-07,2266,0,1000,V01,PC,5,3,2655.89,9.67,10.69,261.86,600,44,3161,0,TRAIN
36,2026-03-08,2266,0,1000,V01,PC,6,3,2638.82,8.06,11.08,260.87,600,43,3147.03,0,TRAIN
37,2026-03-09,2266,0,1000,V01,PC,0,3,2623.16,6.51,9.94,261.93,600,42,3138.13,0,TRAIN
38,2026-03-10,2266,0,1000,V01,PC,1,3,3213.65,4.51,8.94,263.77,0,45,3118.64,0,TRAIN
39,2026-03-11,2266,0,1000,V01,PC,2,3,3203.14,4.8,7.6,262.22,0,43,3106.15,0,TRAIN
40,2026-03-12,2266,0,1000,V01,PC,3,3,3189.34,5.34,6.98,259.51,0,38,3092.95,0,TRAIN
41,2026-03-13,2266,0,1000,V01,PC,4,3,3179,12,7.27,257.34,0,37,3077.29,0,TRAIN
42,2026-03-14,2266,0,1000,V01,PC,5,3,3161,7.57,6.97,259.54,415,38,3479.29,0,TRAIN
43,2026-03-15,2266,0,1000,V01,PC,6,3,3147.03,2.3,6.15,260.77,415,36,3469.22,0,TRAIN
44,2026-03-16,2266,0,1000,V01,PC,0,3,3138.13,13.49,7.14,252.07,415,31,3466.56,0,TRAIN
45,2026-03-17,2266,0,1000,V01,PC,1,3,3118.64,8.49,7.71,259.99,415,32,3450.05,0,TRAIN
46,2026-03-18,2266,0,1000,V01,PC,2,3,3106.15,9.2,8.34,259.18,415,38,3435.54,0,TRAIN
47,2026-03-19,2266,0,1000,V01,PC,3,3,3092.95,11.66,9.24,260.89,415,41,3421.74,0,TRAIN
48,2026-03-20,2266,0,1000,V01,PC,4,3,3077.29,6,8.39,263.06,415,45,3404.4,0,TRAIN
49,2026-03-21,2266,0,1000,V01,PC,5,3,3479.29,5.67,8.12,260.86,0,41,3390.4,0,TRAIN
50,2026-03-22,2266,0,1000,V01,PC,6,3,3469.22,1.06,7.94,255.87,0,40,3380.43,0,TRAIN
51,2026-03-23,2266,0,1000,V01,PC,0,3,3466.56,9.51,7.37,248.93,0,40,3370.53,0,TRAIN
52,2026-03-24,2266,0,1000,V01,PC,1,3,3450.05,4.51,6.8,252.77,0,39,3353.04,0,TRAIN
53,2026-03-25,2266,0,1000,V01,PC,2,3,3435.54,6.8,6.46,250.22,334,33,3673.55,0,TRAIN
54,2026-03-26,2266,0,1000,V01,PC,3,3,3421.74,9.34,6.13,249.51,334,29,3659.35,0,TRAIN
55,2026-03-27,2266,0,1000,V01,PC,4,3,3404.4,11,6.84,253.34,334,30,3636.69,0,TRAIN
56,2026-03-28,2266,0,1000,V01,PC,5,3,3390.4,6.57,6.97,257.54,334,31,3619.69,0,TRAIN
57,2026-03-29,2266,0,1000,V01,PC,6,3,3380.43,8.3,8,252.77,334,32,3607.62,0,TEST
58,2026-03-30,2266,0,1000,V01,PC,0,3,3370.53,11.49,8.29,248.07,334,33,3603.96,0,TEST
59,2026-03-31,2266,0,1000,V01,PC,1,3,3353.04,9.49,9,248.99,334,33,3591.45,0,TEST
60,2026-04-01,2266,0,1000,V01,PC,2,4,3673.55,11.2,9.63,253.18,0,33,3580.94,0,TEST
61,2026-04-02,2266,0,1000,V01,PC,3,4,3659.35,13.66,10.24,249.89,0,34,3571.14,0,TEST
62,2026-04-03,2266,0,1000,V01,PC,4,4,3636.69,13,10.53,252.06,0,28,3562.8,0,TEST
63,2026-04-04,2266,0,1000,V01,PC,5,4,3619.69,7.67,10.69,250.86,0,34,3544.8,0,TEST
64,2026-04-05,2266,0,1000,V01,PC,6,4,3607.62,1.06,9.65,248.87,335,32,3869.83,0,TEST
65,2026-04-06,2266,0,1000,V01,PC,0,4,3603.96,6.51,8.94,239.93,335,32,3864.93,0,TEST
66,2026-04-07,2266,0,1000,V01,PC,1,4,3591.45,6.51,8.52,236.77,335,36,3843.44,0,TEST
67,2026-04-08,2266,0,1000,V01,PC,2,4,3580.94,5.8,7.74,235.22,335,40,3826.95,0,TEST
68,2026-04-09,2266,0,1000,V01,PC,3,4,3571.14,5.34,6.56,234.51,335,46,3805.75,0,TEST
69,2026-04-10,2266,0,1000,V01,PC,4,4,3562.8,8,5.84,235.34,335,52,3786.09,0,TEST
70,2026-04-11,2266,0,1000,V01,PC,5,4,3544.8,7.57,5.83,238.54,335,47,3768.09,0,TEST
71,2026-02-01,2268,1,1000,V01,PC,6,2,1562.87,6.24,,292.47,384,63.64,1810.25,0,TRAIN
72,2026-02-02,2268,1,1000,V01,PC,0,2,1550.89,15.1,,287.78,384,59.64,1806.99,0,TRAIN
73,2026-02-03,2268,1,1000,V01,PC,1,2,1530.59,15.84,,292,384,64.64,1790.19,0,TRAIN
74,2026-02-04,2268,1,1000,V01,PC,2,2,1502.55,9.29,,302.6,384,62.64,1767.13,0,TRAIN
75,2026-02-05,2268,1,1000,V01,PC,3,2,1482.06,7.55,,300.79,384,60.64,1744.52,0,TRAIN
76,2026-02-06,2268,1,1000,V01,PC,4,2,1846.31,12.77,,298.5,0,53.64,1730.17,0,TRAIN
77,2026-02-07,2268,1,1000,V01,PC,5,2,1822.34,6.19,10.43,296.98,0,52.64,1712.04,0,TRAIN
78,2026-02-08,2268,1,1000,V01,PC,6,2,1810.25,1.52,9.75,289.62,0,52.64,1700.26,0,TRAIN
79,2026-02-09,2268,1,1000,V01,PC,0,2,1806.99,6.6,8.54,283.37,0,57.64,1687.28,0,TRAIN
80,2026-02-10,2268,1,1000,V01,PC,1,2,1790.19,12.86,8.11,282.78,0,58.64,1664.98,0,TRAIN
81,2026-02-11,2268,1,1000,V01,PC,2,2,1767.13,13.41,8.7,288.12,534,53.64,2184.94,0,TRAIN
82,2026-02-12,2268,1,1000,V01,PC,3,2,1744.52,9.15,8.93,289.93,534,50.64,2165.45,0,TRAIN
83,2026-02-13,2268,1,1000,V01,PC,4,2,1730.17,7.93,8.24,288.22,534,56.64,2146.7,0,TRAIN
84,2026-02-14,2268,1,1000,V01,PC,5,2,1712.04,5.88,8.19,288.74,534,53.64,2129.73,0,TRAIN
85,2026-02-15,2268,1,1000,V01,PC,6,2,1700.26,6.24,8.87,285.47,534,53.64,2117.64,0,TRAIN
86,2026-02-16,2268,1,1000,V01,PC,0,2,1687.28,11.1,9.51,282.78,534,50.64,2108.38,0,TRAIN
87,2026-02-17,2268,1,1000,V01,PC,1,2,1664.98,8.84,8.94,282,534,51.64,2086.58,0,TRAIN
88,2026-02-18,2268,1,1000,V01,PC,2,2,2184.94,13.29,8.92,280.6,0,57.64,2062.52,0,TRAIN
89,2026-02-19,2268,1,1000,V01,PC,3,2,2165.45,7.55,8.69,282.79,0,63.64,2037.91,0,TRAIN
90,2026-02-20,2268,1,1000,V01,PC,4,2,2146.7,9.77,8.95,281.5,0,60.64,2020.56,0,TRAIN
91,2026-02-21,2268,1,1000,V01,PC,5,2,2129.73,6.19,9,281.98,0,61.64,2002.43,0,TRAIN
92,2026-02-22,2268,1,1000,V01,PC,6,2,2117.64,5.52,8.89,274.62,0,64.64,1986.65,0,TRAIN
93,2026-02-23,2268,1,1000,V01,PC,0,2,2108.38,9.6,8.68,268.37,278,64.64,2250.67,0,TRAIN
94,2026-02-24,2268,1,1000,V01,PC,1,2,2086.58,12.86,9.25,268.78,278,64.64,2222.37,0,TRAIN
95,2026-02-25,2268,1,1000,V01,PC,2,2,2062.52,12.41,9.13,279.12,278,61.64,2201.33,0,TRAIN
96,2026-02-26,2268,1,1000,V01,PC,3,2,2037.91,9.15,9.36,285.93,278,60.64,2178.84,0,TRAIN
97,2026-02-27,2268,1,1000,V01,PC,4,2,2020.56,9.93,9.38,286.22,278,63.64,2153.09,0,TRAIN
98,2026-02-28,2268,1,1000,V01,PC,5,2,2002.43,6.88,9.48,283.74,278,62.64,2136.12,0,TRAIN
99,2026-03-01,2268,1,1000,V01,PC,6,3,1986.65,10.24,10.15,281.47,278,60.64,2121.03,0,TRAIN
100,2026-03-02,2268,1,1000,V01,PC,0,3,2250.67,16.1,11.08,277.78,0,62.64,2109.77,0,TRAIN
101,2026-03-03,2268,1,1000,V01,PC,1,3,2222.37,12.84,11.08,286,0,56.64,2091.97,0,TRAIN
102,2026-03-04,2268,1,1000,V01,PC,2,3,2201.33,11.29,10.92,292.6,0,54.64,2072.91,0,TRAIN
103,2026-03-05,2268,1,1000,V01,PC,3,3,2178.84,14.55,11.69,288.79,0,50.64,2057.3,0,TRAIN
104,2026-03-06,2268,1,1000,V01,PC,4,3,2153.09,9.77,11.67,287.5,0,46.64,2037.95,0,TRAIN
105,2026-03-07,2268,1,1000,V01,PC,5,3,2136.12,8.19,11.85,287.98,477,44.64,2495.82,0,TRAIN
106,2026-03-08,2268,1,1000,V01,PC,6,3,2121.03,5.52,11.18,288.62,477,43.64,2484.04,0,TRAIN
107,2026-03-09,2268,1,1000,V01,PC,0,3,2109.77,11.6,10.54,281.37,477,42.64,2469.06,0,TRAIN
108,2026-03-10,2268,1,1000,V01,PC,1,3,2091.97,12.86,10.54,286.78,477,48.64,2445.76,0,TRAIN
109,2026-03-11,2268,1,1000,V01,PC,2,3,2072.91,8.41,10.13,298.12,477,50.64,2426.72,0,TRAIN
110,2026-03-12,2268,1,1000,V01,PC,3,3,2057.3,12.15,9.79,299.93,477,53.64,2402.23,0,TRAIN
111,2026-03-13,2268,1,1000,V01,PC,4,3,2037.95,13.93,10.38,299.22,477,51.64,2387.48,0,TRAIN
112,2026-03-14,2268,1,1000,V01,PC,5,3,2495.82,5.88,10.05,299.74,0,51.64,2373.51,0,TRAIN
113,2026-03-15,2268,1,1000,V01,PC,6,3,2484.04,10.24,10.72,296.47,0,53.64,2359.42,0,TRAIN
114,2026-03-16,2268,1,1000,V01,PC,0,3,2469.06,11.1,10.65,298.78,0,55.64,2346.16,0,TRAIN
115,2026-03-17,2268,1,1000,V01,PC,1,3,2445.76,10.84,10.36,304,0,48.64,2330.36,0,TRAIN
116,2026-03-18,2268,1,1000,V01,PC,2,3,2426.72,14.29,11.2,308.6,0,49.64,2314.3,0,TRAIN
117,2026-03-19,2268,1,1000,V01,PC,3,3,2402.23,9.55,10.83,311.79,470,46.64,2763.69,0,TRAIN
118,2026-03-20,2268,1,1000,V01,PC,4,3,2387.48,8.77,10.1,312.5,470,50.64,2743.34,0,TRAIN
119,2026-03-21,2268,1,1000,V01,PC,5,3,2373.51,6.19,10.14,307.98,470,57.64,2721.21,0,TRAIN
120,2026-03-22,2268,1,1000,V01,PC,6,3,2359.42,6.52,9.61,306.62,470,58.64,2707.43,0,TRAIN
121,2026-03-23,2268,1,1000,V01,PC,0,3,2346.16,10.6,9.54,303.37,470,59.64,2691.45,0,TRAIN
122,2026-03-24,2268,1,1000,V01,PC,1,3,2330.36,6.86,8.97,307.78,470,65.64,2668.15,0,TRAIN
123,2026-03-25,2268,1,1000,V01,PC,2,3,2314.3,13.41,8.84,309.12,470,67.64,2645.11,0,TRAIN
124,2026-03-26,2268,1,1000,V01,PC,3,3,2763.69,11.15,9.07,312.93,0,69.64,2621.62,0,TRAIN
125,2026-03-27,2268,1,1000,V01,PC,4,3,2743.34,9.93,9.24,311.22,0,65.64,2606.87,0,TRAIN
126,2026-03-28,2268,1,1000,V01,PC,5,3,2721.21,4.88,9.05,308.74,0,61.64,2588.9,0,TRAIN
127,2026-03-29,2268,1,1000,V01,PC,6,3,2707.43,8.24,9.3,304.47,0,58.64,2575.81,0,TEST
128,2026-03-30,2268,1,1000,V01,PC,0,3,2691.45,12.1,9.51,302.78,0,59.64,2564.55,0,TEST
129,2026-03-31,2268,1,1000,V01,PC,1,3,2668.15,11.84,10.22,308,359,56.64,2907.75,0,TEST
130,2026-04-01,2268,1,1000,V01,PC,2,4,2645.11,14.29,10.35,309.6,359,50.64,2889.69,0,TEST
131,2026-04-02,2268,1,1000,V01,PC,3,4,2621.62,9.55,10.12,307.79,359,52.64,2871.08,0,TEST
132,2026-04-03,2268,1,1000,V01,PC,4,4,2606.87,9.77,10.1,304.5,359,56.64,2853.73,0,TEST
133,2026-04-04,2268,1,1000,V01,PC,5,4,2588.9,7.19,10.43,302.98,359,54.64,2836.6,0,TEST
134,2026-04-05,2268,1,1000,V01,PC,6,4,2575.81,2.52,9.61,295.62,359,53.64,2820.82,0,TEST
135,2026-04-06,2268,1,1000,V01,PC,0,4,2564.55,7.6,8.97,288.37,359,47.64,2810.84,0,TEST
136,2026-04-07,2268,1,1000,V01,PC,1,4,2907.75,12.86,9.11,287.78,0,44.64,2789.54,0,TEST
137,2026-04-08,2268,1,1000,V01,PC,2,4,2889.69,7.41,8.13,295.12,0,49.64,2768.5,0,TEST
138,2026-04-09,2268,1,1000,V01,PC,3,4,2871.08,8.15,7.93,290.93,0,43.64,2754.01,0,TEST
139,2026-04-10,2268,1,1000,V01,PC,4,4,2853.73,10.93,8.09,286.22,0,39.64,2734.26,0,TEST
140,2026-04-11,2268,1,1000,V01,PC,5,4,2836.6,10.88,8.62,288.74,0,43.64,2710.29,0,TEST
141,2026-02-01,2269,2,1000,V01,PC,6,2,1494.83,5.12,,320.26,461,65.28,1811.34,0,TRAIN
142,2026-02-02,2269,2,1000,V01,PC,0,2,1481.82,14.5,,311.45,461,63.28,1800.4,0,TRAIN
143,2026-02-03,2269,2,1000,V01,PC,1,2,1459.92,11.95,,318.78,461,63.28,1782.1,0,TRAIN
144,2026-02-04,2269,2,1000,V01,PC,2,2,1433.57,13.16,,326.61,461,57.28,1759.25,0,TRAIN
145,2026-02-05,2269,2,1000,V01,PC,3,2,1411.01,15.27,,327.27,461,60.28,1731.61,0,TRAIN
146,2026-02-06,2269,2,1000,V01,PC,4,2,1386.34,11.47,,332.59,461,59.28,1712.08,0,TRAIN
147,2026-02-07,2269,2,1000,V01,PC,5,2,1827.47,7.74,11.32,332.9,0,60.28,1691.75,0,TRAIN
148,2026-02-08,2269,2,1000,V01,PC,6,2,1811.34,5.05,11.31,326.37,0,57.28,1675.19,0,TRAIN
149,2026-02-09,2269,2,1000,V01,PC,0,2,1800.4,10.9,10.79,322.95,0,61.28,1658.18,0,TRAIN
150,2026-02-10,2269,2,1000,V01,PC,1,2,1782.1,14.45,11.15,328.11,0,67.28,1628.28,0,TRAIN
151,2026-02-11,2269,2,1000,V01,PC,2,2,1759.25,15.24,11.45,340.51,0,66.28,1606.93,0,TRAIN
152,2026-02-12,2269,2,1000,V01,PC,3,2,1731.61,11.13,10.85,342.85,0,65.28,1579.37,0,TRAIN
153,2026-02-13,2269,2,1000,V01,PC,4,2,1712.08,10.93,10.78,342.53,197,65.28,1758.7,0,TRAIN
154,2026-02-14,2269,2,1000,V01,PC,5,2,1691.75,11.17,11.27,343.22,197,65.28,1740.83,0,TRAIN
155,2026-02-15,2269,2,1000,V01,PC,6,2,1675.19,7.12,11.56,344.26,197,69.28,1727.7,0,TRAIN
156,2026-02-16,2269,2,1000,V01,PC,0,2,1658.18,16.5,12.36,336.45,197,64.28,1720.76,0,TRAIN
157,2026-02-17,2269,2,1000,V01,PC,1,2,1628.28,13.95,12.29,341.78,197,63.28,1697.46,0,TRAIN
158,2026-02-18,2269,2,1000,V01,PC,2,2,1606.93,16.16,12.42,349.61,197,63.28,1679.61,0,TRAIN
159,2026-02-19,2269,2,1000,V01,PC,3,2,1579.37,9.27,12.16,349.27,197,63.28,1656.97,0,TRAIN
160,2026-02-20,2269,2,1000,V01,PC,4,2,1758.7,8.47,11.81,344.59,0,64.28,1636.44,0,TRAIN
161,2026-02-21,2269,2,1000,V01,PC,5,2,1740.83,3.74,10.74,342.9,0,64.28,1612.11,0,TRAIN
162,2026-02-22,2269,2,1000,V01,PC,6,2,1727.7,2.05,10.02,332.37,0,59.28,1596.55,0,TRAIN
163,2026-02-23,2269,2,1000,V01,PC,0,2,1720.76,10.9,9.22,324.95,0,62.28,1584.54,0,TRAIN
164,2026-02-24,2269,2,1000,V01,PC,1,2,1697.46,10.45,8.72,329.11,0,63.28,1557.64,0,TRAIN
165,2026-02-25,2269,2,1000,V01,PC,2,2,1679.61,11.24,8.02,337.51,0,70.28,1530.29,0,TRAIN
166,2026-02-26,2269,2,1000,V01,PC,3,2,1656.97,11.13,8.28,335.85,291,67.28,1802.73,0,TRAIN
167,2026-02-27,2269,2,1000,V01,PC,4,2,1636.44,14.93,9.21,336.53,291,67.28,1785.06,0,TRAIN
168,2026-02-28,2269,2,1000,V01,PC,5,2,1612.11,11.17,10.27,336.22,291,65.28,1766.19,0,TRAIN
169,2026-03-01,2269,2,1000,V01,PC,6,3,1596.55,4.12,10.56,332.26,291,66.28,1753.06,0,TRAIN
170,2026-03-02,2269,2,1000,V01,PC,0,3,1584.54,13.5,10.93,320.45,291,63.28,1746.12,0,TRAIN
171,2026-03-03,2269,2,1000,V01,PC,1,3,1557.64,12.95,11.29,322.78,291,60.28,1721.82,0,TRAIN
172,2026-03-04,2269,2,1000,V01,PC,2,3,1530.29,10.16,11.14,330.61,291,53.28,1705.97,0,TRAIN
173,2026-03-05,2269,2,1000,V01,PC,3,3,1802.73,8.27,10.73,326.27,0,59.28,1681.33,0,TRAIN
174,2026-03-06,2269,2,1000,V01,PC,4,3,1785.06,11.47,10.23,322.59,0,61.28,1659.8,0,TRAIN
175,2026-03-07,2269,2,1000,V01,PC,5,3,1766.19,7.74,9.74,320.9,0,65.28,1637.47,0,TRAIN
176,2026-03-08,2269,2,1000,V01,PC,6,3,1753.06,2.05,9.45,313.37,0,64.28,1620.91,0,TRAIN
177,2026-03-09,2269,2,1000,V01,PC,0,3,1746.12,13.9,9.51,303.95,0,62.28,1613.9,0,TRAIN
178,2026-03-10,2269,2,1000,V01,PC,1,3,1721.82,8.45,8.86,310.11,0,63.28,1585,0,TRAIN
179,2026-03-11,2269,2,1000,V01,PC,2,3,1705.97,10.24,8.87,313.51,569,67.28,2129.65,0,TRAIN
180,2026-03-12,2269,2,1000,V01,PC,3,3,1681.33,10.13,9.14,312.85,569,67.28,2101.09,0,TRAIN
181,2026-03-13,2269,2,1000,V01,PC,4,3,1659.8,10.93,9.06,308.53,569,66.28,2075.42,0,TRAIN
182,2026-03-14,2269,2,1000,V01,PC,5,3,1637.47,12.17,9.7,304.22,569,62.28,2059.55,0,TRAIN
183,2026-03-15,2269,2,1000,V01,PC,6,3,1620.91,4.12,9.99,305.26,569,64.28,2042.42,0,TRAIN
184,2026-03-16,2269,2,1000,V01,PC,0,3,1613.9,17.5,10.51,298.45,569,69.28,2030.48,0,TRAIN
185,2026-03-17,2269,2,1000,V01,PC,1,3,1585,12.95,11.15,304.78,569,72.28,2004.18,0,TRAIN
186,2026-03-18,2269,2,1000,V01,PC,2,3,2129.65,14.16,11.71,310.61,0,68.28,1984.33,0,TRAIN
187,2026-03-19,2269,2,1000,V01,PC,3,3,2101.09,15.27,12.44,308.27,0,61.28,1964.69,0,TRAIN
188,2026-03-20,2269,2,1000,V01,PC,4,3,2075.42,8.47,12.09,309.59,0,59.28,1946.16,0,TRAIN
189,2026-03-21,2269,2,1000,V01,PC,5,3,2059.55,10.74,11.89,301.9,0,61.28,1926.83,0,TRAIN
190,2026-03-22,2269,2,1000,V01,PC,6,3,2042.42,4.05,11.88,303.37,0,61.28,1909.27,0,TRAIN
191,2026-03-23,2269,2,1000,V01,PC,0,3,2030.48,11.9,11.08,298.95,0,57.28,1899.26,0,TRAIN
192,2026-03-24,2269,2,1000,V01,PC,1,3,2004.18,12.45,11.01,307.11,259,54.28,2129.36,0,TRAIN
193,2026-03-25,2269,2,1000,V01,PC,2,3,1984.33,12.24,10.73,317.51,259,58.28,2106.01,0,TRAIN
194,2026-03-26,2269,2,1000,V01,PC,3,3,1964.69,10.13,10,318.85,259,62.28,2078.45,0,TRAIN
195,2026-03-27,2269,2,1000,V01,PC,4,3,1946.16,9.93,10.21,318.53,259,62.28,2056.78,0,TRAIN
196,2026-03-28,2269,2,1000,V01,PC,5,3,1926.83,11.17,10.27,317.22,259,67.28,2028.91,0,TRAIN
197,2026-03-29,2269,2,1000,V01,PC,6,3,1909.27,6.12,10.56,317.26,259,72.28,2013.78,0,TEST
198,2026-03-30,2269,2,1000,V01,PC,0,3,1899.26,17.5,11.36,308.45,259,76.28,1996.84,0,TEST
199,2026-03-31,2269,2,1000,V01,PC,1,3,2129.36,11.95,11.29,314.78,0,75.28,1976.54,0,TEST
200,2026-04-01,2269,2,1000,V01,PC,2,4,2106.01,16.16,11.85,322.61,0,75.28,1957.69,0,TEST
201,2026-04-02,2269,2,1000,V01,PC,3,4,2078.45,13.27,12.3,325.27,0,73.28,1938.05,0,TEST
202,2026-04-03,2269,2,1000,V01,PC,4,4,2056.78,13.47,12.81,325.59,0,73.28,1913.52,0,TEST
203,2026-04-04,2269,2,1000,V01,PC,5,4,2028.91,3.74,11.74,328.9,0,66.28,1896.19,0,TEST
204,2026-04-05,2269,2,1000,V01,PC,6,4,2013.78,9.05,12.16,324.37,0,63.28,1874.63,0,TEST
205,2026-04-06,2269,2,1000,V01,PC,0,4,1996.84,9.9,11.08,321.95,486,60.28,2347.62,0,TEST
206,2026-04-07,2269,2,1000,V01,PC,1,4,1976.54,7.45,10.43,324.11,486,60.28,2322.72,0,TEST
207,2026-04-08,2269,2,1000,V01,PC,2,4,1957.69,10.24,9.59,329.51,486,63.28,2294.37,0,TEST
208,2026-04-09,2269,2,1000,V01,PC,3,4,1938.05,16.13,10,325.85,486,61.28,2272.81,0,TEST
209,2026-04-10,2269,2,1000,V01,PC,4,4,1913.52,9.93,9.49,333.53,486,60.28,2252.14,0,TEST
210,2026-04-11,2269,2,1000,V01,PC,5,4,1896.19,13.17,10.84,333.22,486,65.28,2232.27,0,TEST
211,2026-02-01,2270,3,1000,V01,PC,6,2,2145.9,6.88,,383.93,214,77.92,2212.4,0,TRAIN
212,2026-02-02,2270,3,1000,V01,PC,0,2,2134.99,12.63,,372.89,214,84.92,2192.68,0,TRAIN
213,2026-02-03,2270,3,1000,V01,PC,1,2,2109.76,11.8,,373.15,214,85.92,2164.61,0,TRAIN
214,2026-02-04,2270,3,1000,V01,PC,2,2,2084.36,11.82,,373.07,214,87.92,2133.71,0,TRAIN
215,2026-02-05,2270,3,1000,V01,PC,3,2,2056.94,10.89,,366.26,214,84.92,2104.83,0,TRAIN
216,2026-02-06,2270,3,1000,V01,PC,4,2,2034.45,9.18,,362.35,214,88.92,2071.02,0,TRAIN
217,2026-02-07,2270,3,1000,V01,PC,5,2,2013.67,6.38,9.94,356.71,214,91.92,2040.5,0,TRAIN
218,2026-02-08,2270,3,1000,V01,PC,6,2,2212.4,8.69,10.2,352.2,0,95.92,2017.24,0,TRAIN
219,2026-02-09,2270,3,1000,V01,PC,0,2,2192.68,14.47,10.46,352.71,0,89.92,2000.33,0,TRAIN
220,2026-02-10,2270,3,1000,V01,PC,1,2,2164.61,15.3,10.96,362.8,0,87.92,1970.1,0,TRAIN
221,2026-02-11,2270,3,1000,V01,PC,2,2,2133.71,16.28,11.6,375.41,0,85.92,1941.7,0,TRAIN
222,2026-02-12,2270,3,1000,V01,PC,3,2,2104.83,18.21,12.64,376.22,0,89.92,1908.28,0,TRAIN
223,2026-02-13,2270,3,1000,V01,PC,4,2,2071.02,15.92,13.61,382.13,0,90.92,1881.79,0,TRAIN
224,2026-02-14,2270,3,1000,V01,PC,5,2,2040.5,10.37,14.18,380.77,0,86.92,1856.01,0,TRAIN
225,2026-02-15,2270,3,1000,V01,PC,6,2,2017.24,11.88,14.63,377.93,543,84.92,2378.74,0,TRAIN
226,2026-02-16,2270,3,1000,V01,PC,0,2,2000.33,18.63,15.23,375.89,543,86.92,2368.02,0,TRAIN
227,2026-02-17,2270,3,1000,V01,PC,1,2,1970.1,14.8,15.16,381.15,543,85.92,2344.95,0,TRAIN
228,2026-02-18,2270,3,1000,V01,PC,2,2,1941.7,16.82,15.23,389.07,543,85.92,2320.05,0,TRAIN
229,2026-02-19,2270,3,1000,V01,PC,3,2,1908.28,9.89,14.04,390.26,543,81.92,2296.17,0,TRAIN
230,2026-02-20,2270,3,1000,V01,PC,4,2,1881.79,15.18,13.94,382.35,543,74.92,2268.36,0,TRAIN
231,2026-02-21,2270,3,1000,V01,PC,5,2,1856.01,9.38,13.8,382.71,543,78.92,2239.84,0,TRAIN
232,2026-02-22,2270,3,1000,V01,PC,6,2,2378.74,3.69,12.63,378.2,0,74.92,2225.58,0,TRAIN
233,2026-02-23,2270,3,1000,V01,PC,0,2,2368.02,12.47,11.75,367.71,0,77.92,2203.67,0,TRAIN
234,2026-02-24,2270,3,1000,V01,PC,1,2,2344.95,11.3,11.25,373.8,0,80.92,2178.44,0,TRAIN
235,2026-02-25,2270,3,1000,V01,PC,2,2,2320.05,11.28,10.46,376.41,0,77.92,2157.04,0,TRAIN
236,2026-02-26,2270,3,1000,V01,PC,3,2,2296.17,18.21,11.64,373.22,0,75.92,2130.62,0,TRAIN
237,2026-02-27,2270,3,1000,V01,PC,4,2,2268.36,13.92,11.46,380.13,0,76.92,2107.13,0,TRAIN
238,2026-02-28,2270,3,1000,V01,PC,5,2,2239.84,7.37,11.18,377.77,0,73.92,2085.35,0,TRAIN
239,2026-03-01,2270,3,1000,V01,PC,6,3,2225.58,11.88,12.35,367.93,418,74.92,2484.08,0,TRAIN
240,2026-03-02,2270,3,1000,V01,PC,0,3,2203.67,11.63,12.23,363.89,418,69.92,2473.36,0,TRAIN
241,2026-03-03,2270,3,1000,V01,PC,1,3,2178.44,10.8,12.16,367.15,418,65.92,2455.29,0,TRAIN
242,2026-03-04,2270,3,1000,V01,PC,2,3,2157.04,15.82,12.8,371.07,418,67.92,2426.39,0,TRAIN
243,2026-03-05,2270,3,1000,V01,PC,3,3,2130.62,12.89,12.04,374.26,418,70.92,2400.51,0,TRAIN
244,2026-03-06,2270,3,1000,V01,PC,4,3,2107.13,10.18,11.51,375.35,418,70.92,2372.7,0,TRAIN
245,2026-03-07,2270,3,1000,V01,PC,5,3,2085.35,11.38,12.08,373.71,418,74.92,2339.18,0,TRAIN
246,2026-03-08,2270,3,1000,V01,PC,6,3,2484.08,5.69,11.2,374.2,0,74.92,2321.92,0,TRAIN
247,2026-03-09,2270,3,1000,V01,PC,0,3,2473.36,8.47,10.75,370.71,0,74.92,2310.01,0,TRAIN
248,2026-03-10,2270,3,1000,V01,PC,1,3,2455.29,16.3,11.53,372.8,0,81.92,2280.78,0,TRAIN
249,2026-03-11,2270,3,1000,V01,PC,2,3,2426.39,12.28,11.03,380.41,0,85.92,2250.38,0,TRAIN
250,2026-03-12,2270,3,1000,V01,PC,3,3,2400.51,17.21,11.64,378.22,0,81.92,2229.96,0,TRAIN
251,2026-03-13,2270,3,1000,V01,PC,4,3,2372.7,17.92,12.75,380.13,0,84.92,2201.47,0,TRAIN
252,2026-03-14,2270,3,1000,V01,PC,5,3,2339.18,9.37,12.46,381.77,0,78.92,2183.69,0,TRAIN
253,2026-03-15,2270,3,1000,V01,PC,6,3,2321.92,6.88,12.63,372.93,587,78.92,2752.42,0,TRAIN
254,2026-03-16,2270,3,1000,V01,PC,0,3,2310.01,12.63,13.23,363.89,587,79.92,2742.7,0,TRAIN
255,2026-03-17,2270,3,1000,V01,PC,1,3,2280.78,13.8,12.87,366.15,587,79.92,2715.63,0,TRAIN
256,2026-03-18,2270,3,1000,V01,PC,2,3,2250.38,10.82,12.66,368.07,587,76.92,2690.73,0,TRAIN
257,2026-03-19,2270,3,1000,V01,PC,3,3,2229.96,14.89,12.33,360.26,587,79.92,2661.85,0,TRAIN
258,2026-03-20,2270,3,1000,V01,PC,4,3,2201.47,8.18,10.94,360.35,587,79.92,2633.04,0,TRAIN
259,2026-03-21,2270,3,1000,V01,PC,5,3,2183.69,10.38,11.08,351.71,587,79.92,2605.52,0,TRAIN
260,2026-03-22,2270,3,1000,V01,PC,6,3,2752.42,3.69,10.63,352.2,0,77.92,2590.26,0,TRAIN
261,2026-03-23,2270,3,1000,V01,PC,0,3,2742.7,10.47,10.32,340.71,0,81.92,2574.35,0,TRAIN
262,2026-03-24,2270,3,1000,V01,PC,1,3,2715.63,11.3,9.96,341.8,0,74.92,2549.12,0,TRAIN
263,2026-03-25,2270,3,1000,V01,PC,2,3,2690.73,16.28,10.74,349.41,0,77.92,2514.72,0,TRAIN
264,2026-03-26,2270,3,1000,V01,PC,3,3,2661.85,15.21,10.79,353.22,0,77.92,2489.3,0,TRAIN
265,2026-03-27,2270,3,1000,V01,PC,4,3,2633.04,17.92,12.18,357.13,0,78.92,2460.81,0,TRAIN
266,2026-03-28,2270,3,1000,V01,PC,5,3,2605.52,9.37,12.03,363.77,0,79.92,2440.03,0,TRAIN
267,2026-03-29,2270,3,1000,V01,PC,6,3,2590.26,5.88,12.35,354.93,260,84.92,2678.76,0,TEST
268,2026-03-30,2270,3,1000,V01,PC,0,3,2574.35,15.63,13.08,346.89,260,84.92,2661.04,0,TEST
269,2026-03-31,2270,3,1000,V01,PC,1,3,2549.12,17.8,14.01,355.15,260,87.92,2635.97,0,TEST
270,2026-04-01,2270,3,1000,V01,PC,2,4,2514.72,12.82,13.52,361.07,260,85.92,2606.07,0,TEST
271,2026-04-02,2270,3,1000,V01,PC,3,4,2489.3,13.89,13.33,362.26,260,88.92,2575.19,0,TEST
272,2026-04-03,2270,3,1000,V01,PC,4,4,2460.81,10.18,12.22,365.35,260,88.92,2548.38,0,TEST
273,2026-04-04,2270,3,1000,V01,PC,5,4,2440.03,10.38,12.37,359.71,260,94.92,2514.86,0,TEST
274,2026-04-05,2270,3,1000,V01,PC,6,4,2678.76,7.69,12.63,357.2,0,90.92,2494.6,0,TEST
275,2026-04-06,2270,3,1000,V01,PC,0,4,2661.04,12.47,12.18,354.71,0,90.92,2472.69,0,TEST
276,2026-04-07,2270,3,1000,V01,PC,1,4,2635.97,15.3,11.82,355.8,0,92.92,2446.46,0,TEST
277,2026-04-08,2270,3,1000,V01,PC,2,4,2606.07,15.28,12.17,365.41,0,90.92,2420.06,0,TEST
278,2026-04-09,2270,3,1000,V01,PC,3,4,2575.19,12.21,11.93,372.22,0,85.92,2394.64,0,TEST
279,2026-04-10,2270,3,1000,V01,PC,4,4,2548.38,16.92,12.89,368.13,0,81.92,2368.15,0,TEST
280,2026-04-11,2270,3,1000,V01,PC,5,4,2514.86,13.37,13.32,372.77,0,78.92,2343.37,0,TEST
281,2026-02-01,2271,4,1000,V01,PC,6,2,2470.28,10.49,,380.3,601,93.56,2889.25,0,TRAIN
282,2026-02-02,2271,4,1000,V01,PC,0,2,2448.61,18.49,,375.01,601,89.56,2878.59,0,TRAIN
283,2026-02-03,2271,4,1000,V01,PC,1,2,2418.32,16.43,,382.08,601,94.56,2846.48,0,TRAIN
284,2026-02-04,2271,4,1000,V01,PC,2,2,2383.09,10.37,,389.02,601,94.56,2812.31,0,TRAIN
285,2026-02-05,2271,4,1000,V01,PC,3,2,2359.92,13.51,,386.9,601,96.56,2785.08,0,TRAIN
286,2026-02-06,2271,4,1000,V01,PC,4,2,2331.61,9.02,,387.98,601,93.56,2753.99,0,TRAIN
287,2026-02-07,2271,4,1000,V01,PC,5,2,2308.79,10.16,12.64,383.63,601,96.56,2721.41,0,TRAIN
288,2026-02-08,2271,4,1000,V01,PC,6,2,2889.25,3.48,11.64,379.28,0,98.56,2697.61,0,TRAIN
289,2026-02-09,2271,4,1000,V01,PC,0,2,2878.59,15.31,11.18,371.74,0,99.56,2677.94,0,TRAIN
290,2026-02-10,2271,4,1000,V01,PC,1,2,2846.48,15.37,11.03,380.89,0,98.56,2642.65,0,TRAIN
291,2026-02-11,2271,4,1000,V01,PC,2,2,2812.31,12.43,11.33,390.78,0,96.56,2614.42,0,TRAIN
292,2026-02-12,2271,4,1000,V01,PC,3,2,2785.08,19.29,12.15,389.9,388,94.56,2979.25,0,TRAIN
293,2026-02-13,2271,4,1000,V01,PC,4,2,2753.99,15.78,13.12,394.82,388,94.56,2950.94,0,TRAIN
294,2026-02-14,2271,4,1000,V01,PC,5,2,2721.41,11.42,13.3,397.17,388,90.56,2922.12,0,TRAIN
295,2026-02-15,2271,4,1000,V01,PC,6,2,2697.61,11.49,14.44,393.3,388,90.56,2903.58,0,TRAIN
296,2026-02-16,2271,4,1000,V01,PC,0,2,2677.94,19.49,15.04,384.01,388,89.56,2888.92,0,TRAIN
297,2026-02-17,2271,4,1000,V01,PC,1,2,2642.65,11.43,14.48,393.08,388,92.56,2856.81,0,TRAIN
298,2026-02-18,2271,4,1000,V01,PC,2,2,2614.42,10.37,14.18,392.02,388,88.56,2828.64,0,TRAIN
299,2026-02-19,2271,4,1000,V01,PC,3,2,2979.25,16.51,13.78,384.9,0,87.56,2804.41,0,TRAIN
300,2026-02-20,2271,4,1000,V01,PC,4,2,2950.94,16.02,13.82,388.98,0,91.56,2771.32,0,TRAIN
301,2026-02-21,2271,4,1000,V01,PC,5,2,2922.12,6.16,13.07,394.63,0,94.56,2739.74,0,TRAIN
302,2026-02-22,2271,4,1000,V01,PC,6,2,2903.58,7.48,12.49,391.28,0,90.56,2719.94,0,TRAIN
303,2026-02-23,2271,4,1000,V01,PC,0,2,2888.92,13.31,11.61,382.74,390,91.56,3095.27,0,TRAIN
304,2026-02-24,2271,4,1000,V01,PC,1,2,2856.81,15.37,12.17,390.89,390,89.56,3059.98,0,TRAIN
305,2026-02-25,2271,4,1000,V01,PC,2,2,2828.64,12.43,12.47,396.78,390,91.56,3031.75,0,TRAIN
306,2026-02-26,2271,4,1000,V01,PC,3,2,2804.41,17.29,12.58,394.9,390,94.56,3005.58,0,TRAIN
307,2026-02-27,2271,4,1000,V01,PC,4,2,2771.32,15.78,12.55,397.82,390,95.56,2974.27,0,TRAIN
308,2026-02-28,2271,4,1000,V01,PC,5,2,2739.74,11.42,13.3,401.17,390,98.56,2943.45,0,TRAIN
309,2026-03-01,2271,4,1000,V01,PC,6,3,2719.94,6.49,13.16,393.3,390,102.56,2923.91,0,TRAIN
310,2026-03-02,2271,4,1000,V01,PC,0,3,3095.27,18.49,13.9,384.01,0,99.56,2911.25,0,TRAIN
311,2026-03-03,2271,4,1000,V01,PC,1,3,3059.98,13.43,13.62,391.08,0,100.56,2883.14,0,TRAIN
312,2026-03-04,2271,4,1000,V01,PC,2,3,3031.75,11.37,13.47,394.02,0,99.56,2855.97,0,TRAIN
313,2026-03-05,2271,4,1000,V01,PC,3,3,3005.58,14.51,13.07,386.9,0,99.56,2821.74,0,TRAIN
314,2026-03-06,2271,4,1000,V01,PC,4,3,2974.27,12.02,12.53,384.98,325,97.56,3114.65,0,TRAIN
315,2026-03-07,2271,4,1000,V01,PC,5,3,2943.45,7.16,11.92,386.63,325,92.56,3083.07,0,TRAIN
316,2026-03-08,2271,4,1000,V01,PC,6,3,2923.91,7.48,12.07,380.28,325,92.56,3058.27,0,TRAIN
317,2026-03-09,2271,4,1000,V01,PC,0,3,2911.25,10.31,10.9,378.74,325,95.56,3039.6,0,TRAIN
318,2026-03-10,2271,4,1000,V01,PC,1,3,2883.14,13.37,10.89,378.89,325,96.56,3003.31,0,TRAIN
319,2026-03-11,2271,4,1000,V01,PC,2,3,2855.97,19.43,12.04,388.78,325,98.56,2970.08,0,TRAIN
320,2026-03-12,2271,4,1000,V01,PC,3,3,2821.74,17.29,12.44,392.9,325,97.56,2942.91,0,TRAIN
321,2026-03-13,2271,4,1000,V01,PC,4,3,3114.65,17.78,13.26,394.82,0,95.56,2917.6,0,TRAIN
322,2026-03-14,2271,4,1000,V01,PC,5,3,3083.07,12.42,14.01,400.17,0,95.56,2892.78,0,TRAIN
323,2026-03-15,2271,4,1000,V01,PC,6,3,3058.27,10.49,14.44,393.3,0,94.56,2876.24,0,TRAIN
324,2026-03-16,2271,4,1000,V01,PC,0,3,3039.6,17.49,15.47,388.01,0,96.56,2858.58,0,TRAIN
325,2026-03-17,2271,4,1000,V01,PC,1,3,3003.31,17.43,16.05,394.08,617,93.56,3446.47,0,TRAIN
326,2026-03-18,2271,4,1000,V01,PC,2,3,2970.08,13.37,15.18,400.02,617,89.56,3416.3,0,TRAIN
327,2026-03-19,2271,4,1000,V01,PC,3,3,2942.91,12.51,14.5,393.9,617,91.56,3386.07,0,TRAIN
328,2026-03-20,2271,4,1000,V01,PC,4,3,2917.6,11.02,13.53,394.98,617,95.56,3348.98,0,TRAIN
329,2026-03-21,2271,4,1000,V01,PC,5,3,2892.78,5.16,12.5,395.63,617,95.56,3320.4,0,TRAIN
330,2026-03-22,2271,4,1000,V01,PC,6,3,2876.24,7.48,12.07,384.28,617,96.56,3292.6,0,TRAIN
331,2026-03-23,2271,4,1000,V01,PC,0,3,2858.58,13.31,11.47,375.74,617,97.56,3271.93,0,TRAIN
332,2026-03-24,2271,4,1000,V01,PC,1,3,3446.47,18.37,11.6,382.89,0,95.56,3240.64,0,TRAIN
333,2026-03-25,2271,4,1000,V01,PC,2,3,3416.3,14.43,11.75,393.78,0,96.56,3213.41,0,TRAIN
334,2026-03-26,2271,4,1000,V01,PC,3,3,3386.07,20.29,12.87,394.9,0,92.56,3185.24,0,TRAIN
335,2026-03-27,2271,4,1000,V01,PC,4,3,3348.98,14.78,13.4,399.82,0,92.56,3154.93,0,TRAIN
336,2026-03-28,2271,4,1000,V01,PC,5,3,3320.4,15.42,14.87,402.17,293,92.56,3424.11,0,TRAIN
337,2026-03-29,2271,4,1000,V01,PC,6,3,3292.6,9.49,15.16,400.3,293,88.56,3407.57,0,TEST
338,2026-03-30,2271,4,1000,V01,PC,0,3,3271.93,17.49,15.75,394.01,293,86.56,3390.91,0,TEST
339,2026-03-31,2271,4,1000,V01,PC,1,3,3240.64,14.43,15.19,400.08,293,85.56,3361.8,0,TEST
340,2026-04-01,2271,4,1000,V01,PC,2,4,3213.41,16.37,15.47,408.02,293,87.56,3333.63,0,TEST
341,2026-04-02,2271,4,1000,V01,PC,3,4,3185.24,13.51,14.5,405.9,293,90.56,3301.4,0,TEST
342,2026-04-03,2271,4,1000,V01,PC,4,4,3154.93,10.02,13.82,405.98,293,89.56,3272.31,0,TEST
343,2026-04-04,2271,4,1000,V01,PC,5,4,3424.11,8.16,12.78,404.63,0,91.56,3242.73,0,TEST
344,2026-04-05,2271,4,1000,V01,PC,6,4,3407.57,7.48,12.49,398.28,0,91.56,3220.93,0,TEST
345,2026-04-06,2271,4,1000,V01,PC,0,4,3390.91,16.31,12.33,393.74,0,90.56,3201.26,0,TEST
346,2026-04-07,2271,4,1000,V01,PC,1,4,3361.8,13.37,12.17,402.89,0,96.56,3162.97,0,TEST
347,2026-04-08,2271,4,1000,V01,PC,2,4,3333.63,17.43,12.33,408.78,240,98.56,3367.74,0,TEST
348,2026-04-09,2271,4,1000,V01,PC,3,4,3301.4,13.29,12.29,415.9,240,101.56,3332.57,0,TEST
349,2026-04-10,2271,4,1000,V01,PC,4,4,3272.31,13.78,12.83,415.82,240,98.56,3303.26,0,TEST
350,2026-04-11,2271,4,1000,V01,PC,5,4,3242.73,13.42,13.58,410.17,240,100.56,3273.44,0,TEST
351,2026-02-01,SP001,5,1000,V01,PC,6,2,2277.31,5.95,,427.29,0,39,2156,0,TRAIN
352,2026-02-02,SP001,5,1000,V01,PC,0,2,2264.76,18.09,,416.82,0,34,2148.97,0,TRAIN
353,2026-02-03,SP001,5,1000,V01,PC,1,2,2240.67,15.91,,422.64,467,38,2590.56,0,TRAIN
354,2026-02-04,SP001,5,1000,V01,PC,2,2,2220.76,14.89,,429.6,467,44,2559.97,0,TRAIN
355,2026-02-05,SP001,5,1000,V01,PC,3,2,2200.87,11.24,,430.4,467,44,2539.36,0,TRAIN
356,2026-02-06,SP001,5,1000,V01,PC,4,2,2184.63,10.08,,428.73,467,46,2514.1,0,TRAIN
357,2026-02-07,SP001,5,1000,V01,PC,5,2,2169.55,6.15,11.76,426.92,467,49,2483.68,0,TRAIN
358,2026-02-08,SP001,5,1000,V01,PC,6,2,2156,5.43,11.68,419.83,467,43,2473.01,0,TRAIN
359,2026-02-09,SP001,5,1000,V01,PC,0,2,2148.97,15.41,11.3,415.18,467,44,2458.46,0,TRAIN
360,2026-02-10,SP001,5,1000,V01,PC,1,2,2590.56,20.59,11.97,421.44,0,40,2436.37,0,TRAIN
361,2026-02-11,SP001,5,1000,V01,PC,2,2,2559.97,15.61,12.07,435.6,0,36,2416.46,0,TRAIN
362,2026-02-12,SP001,5,1000,V01,PC,3,2,2539.36,18.26,13.08,431.8,0,35,2401.57,0,TRAIN
363,2026-02-13,SP001,5,1000,V01,PC,4,2,2514.1,22.42,14.84,435.47,0,32,2387.33,0,TRAIN
364,2026-02-14,SP001,5,1000,V01,PC,5,2,2483.68,9.27,15.28,441.28,0,30,2365.25,0,TRAIN
365,2026-02-15,SP001,5,1000,V01,PC,6,2,2473.01,11.95,16.22,433.29,349,32,2699.7,0,TRAIN
366,2026-02-16,SP001,5,1000,V01,PC,0,2,2458.46,16.09,16.31,422.82,349,34,2690.67,0,TRAIN
367,2026-02-17,SP001,5,1000,V01,PC,1,2,2436.37,13.91,15.36,427.64,349,32,2672.26,0,TRAIN
368,2026-02-18,SP001,5,1000,V01,PC,2,2,2416.46,10.89,14.68,430.6,349,30,2653.67,0,TRAIN
369,2026-02-19,SP001,5,1000,V01,PC,3,2,2401.57,10.24,13.54,424.4,349,33,2629.06,0,TRAIN
370,2026-02-20,SP001,5,1000,V01,PC,4,2,2387.33,16.08,12.63,419.73,349,33,2603.8,0,TRAIN
371,2026-02-21,SP001,5,1000,V01,PC,5,2,2365.25,11.15,12.9,423.92,349,36,2574.38,0,TRAIN
372,2026-02-22,SP001,5,1000,V01,PC,6,2,2699.7,4.43,11.83,424.83,0,41,2553.71,0,TRAIN
373,2026-02-23,SP001,5,1000,V01,PC,0,2,2690.67,14.41,11.59,412.18,0,40,2537.16,0,TRAIN
374,2026-02-24,SP001,5,1000,V01,PC,1,2,2672.26,14.59,11.68,420.44,0,43,2511.07,0,TRAIN
375,2026-02-25,SP001,5,1000,V01,PC,2,2,2653.67,17.61,12.64,425.6,0,45,2491.16,0,TRAIN
376,2026-02-26,SP001,5,1000,V01,PC,3,2,2629.06,21.26,14.22,430.8,0,47,2468.27,0,TRAIN
377,2026-02-27,SP001,5,1000,V01,PC,4,2,2603.8,20.42,14.84,431.47,366,50,2812.03,0,TRAIN
378,2026-02-28,SP001,5,1000,V01,PC,5,2,2574.38,12.27,15,432.28,366,46,2795.95,0,TRAIN
379,2026-03-01,SP001,5,1000,V01,PC,6,3,2553.71,12.95,16.22,423.29,366,39,2785.4,0,TRAIN
380,2026-03-02,SP001,5,1000,V01,PC,0,3,2537.16,19.09,16.88,413.82,366,38,2775.37,0,TRAIN
381,2026-03-03,SP001,5,1000,V01,PC,1,3,2511.07,13.91,16.79,416.64,366,37,2751.96,0,TRAIN
382,2026-03-04,SP001,5,1000,V01,PC,2,3,2491.16,13.89,16.26,424.6,366,35,2728.37,0,TRAIN
383,2026-03-05,SP001,5,1000,V01,PC,3,3,2468.27,15.24,15.4,420.4,366,29,2707.76,0,TRAIN
384,2026-03-06,SP001,5,1000,V01,PC,4,3,2812.03,11.08,14.06,419.73,0,25,2686.5,0,TRAIN
385,2026-03-07,SP001,5,1000,V01,PC,5,3,2795.95,9.15,13.62,415.92,0,30,2655.08,0,TRAIN
386,2026-03-08,SP001,5,1000,V01,PC,6,3,2785.4,7.43,12.83,413.83,0,37,2636.41,0,TRAIN
387,2026-03-09,SP001,5,1000,V01,PC,0,3,2775.37,17.41,12.59,411.18,0,40,2617.86,0,TRAIN
388,2026-03-10,SP001,5,1000,V01,PC,1,3,2751.96,19.59,13.4,422.44,0,37,2596.77,0,TRAIN
389,2026-03-11,SP001,5,1000,V01,PC,2,3,2728.37,17.61,13.93,436.6,548,38,3127.86,0,TRAIN
390,2026-03-12,SP001,5,1000,V01,PC,3,3,2707.76,18.26,14.36,438.8,548,44,3101.97,0,TRAIN
391,2026-03-13,SP001,5,1000,V01,PC,4,3,2686.5,21.42,15.84,436.47,548,48,3079.73,0,TRAIN
392,2026-03-14,SP001,5,1000,V01,PC,5,3,2655.08,10.27,16,442.28,548,43,3062.65,0,TRAIN
393,2026-03-15,SP001,5,1000,V01,PC,6,3,2636.41,12.95,16.79,434.29,548,41,3050.1,0,TRAIN
394,2026-03-16,SP001,5,1000,V01,PC,0,3,2617.86,18.09,16.88,424.82,548,42,3039.07,0,TRAIN
395,2026-03-17,SP001,5,1000,V01,PC,1,3,2596.77,11.91,15.79,433.64,548,49,3015.66,0,TRAIN
396,2026-03-18,SP001,5,1000,V01,PC,2,3,3127.86,16.89,15.68,433.6,0,48,2995.07,0,TRAIN
397,2026-03-19,SP001,5,1000,V01,PC,3,3,3101.97,15.24,15.25,434.4,0,43,2976.46,0,TRAIN
398,2026-03-20,SP001,5,1000,V01,PC,4,3,3079.73,12.08,13.92,435.73,0,45,2948.2,0,TRAIN
399,2026-03-21,SP001,5,1000,V01,PC,5,3,3062.65,6.15,13.33,436.92,0,49,2923.78,0,TRAIN
400,2026-03-22,SP001,5,1000,V01,PC,6,3,3050.1,4.43,12.11,432.83,0,49,2906.11,0,TRAIN
401,2026-03-23,SP001,5,1000,V01,PC,0,3,3039.07,13.41,11.44,421.18,605,45,3496.56,0,TRAIN
402,2026-03-24,SP001,5,1000,V01,PC,1,3,3015.66,16.59,12.11,423.44,605,45,3472.47,0,TRAIN
403,2026-03-25,SP001,5,1000,V01,PC,2,3,2995.07,14.61,11.79,435.6,605,44,3452.56,0,TRAIN
404,2026-03-26,SP001,5,1000,V01,PC,3,3,2976.46,19.26,12.36,435.8,605,43,3437.67,0,TRAIN
405,2026-03-27,SP001,5,1000,V01,PC,4,3,2948.2,15.42,12.84,440.47,605,43,3411.43,0,TRAIN
406,2026-03-28,SP001,5,1000,V01,PC,5,3,2923.78,11.27,13.57,438.28,605,43,3387.35,0,TRAIN
407,2026-03-29,SP001,5,1000,V01,PC,6,3,2906.11,11.95,14.64,428.29,605,38,3378.8,0,TEST
408,2026-03-30,SP001,5,1000,V01,PC,0,3,3496.56,14.09,14.74,419.82,0,39,3368.77,0,TEST
409,2026-03-31,SP001,5,1000,V01,PC,1,3,3472.47,16.91,14.79,421.64,0,37,3341.36,0,TEST
410,2026-04-01,SP001,5,1000,V01,PC,2,4,3452.56,11.89,14.4,425.6,0,40,3316.77,0,TEST
411,2026-04-02,SP001,5,1000,V01,PC,3,4,3437.67,17.24,14.11,418.4,0,47,3290.16,0,TEST
412,2026-04-03,SP001,5,1000,V01,PC,4,4,3411.43,15.08,14.06,421.73,0,42,3265.9,0,TEST
413,2026-04-04,SP001,5,1000,V01,PC,5,4,3387.35,7.15,13.47,422.92,195,42,3436.48,0,TEST
414,2026-04-05,SP001,5,1000,V01,PC,6,4,3378.8,6.43,12.68,414.83,195,49,3417.81,0,TEST
415,2026-04-06,SP001,5,1000,V01,PC,0,4,3368.77,19.41,13.44,410.18,195,48,3407.26,0,TEST
416,2026-04-07,SP001,5,1000,V01,PC,1,4,3341.36,18.59,13.68,420.44,195,44,3384.17,0,TEST
417,2026-04-08,SP001,5,1000,V01,PC,2,4,3316.77,16.61,14.36,431.6,195,45,3364.26,0,TEST
418,2026-04-09,SP001,5,1000,V01,PC,3,4,3290.16,20.26,14.79,430.8,195,41,3346.37,0,TEST
419,2026-04-10,SP001,5,1000,V01,PC,4,4,3265.9,15.42,14.84,431.47,195,41,3326.13,0,TEST
420,2026-04-11,SP001,5,1000,V01,PC,5,4,3436.48,10.27,15.28,429.28,0,36,3309.05,0,TEST
421,2026-02-01,SP002,6,1000,V01,PC,6,2,2480.61,9.26,,459.73,0,56.64,2330.34,0,TRAIN
422,2026-02-02,SP002,6,1000,V01,PC,0,2,2465.61,20.51,,446.25,0,52.64,2316.07,0,TRAIN
423,2026-02-03,SP002,6,1000,V01,PC,1,2,2435.9,13.33,,455.87,0,52.64,2289.18,0,TRAIN
424,2026-02-04,SP002,6,1000,V01,PC,2,2,2411.37,18.51,,455.94,0,53.64,2254.11,0,TRAIN
425,2026-02-05,SP002,6,1000,V01,PC,3,2,2382.66,11.19,,456.94,390,54.64,2613.22,0,TRAIN
426,2026-02-06,SP002,6,1000,V01,PC,4,2,2366.27,13.46,,452.8,390,55.64,2583.01,0,TRAIN
427,2026-02-07,SP002,6,1000,V01,PC,5,2,2340.61,7.37,13.38,450.75,390,53.64,2553.07,0,TRAIN
428,2026-02-08,SP002,6,1000,V01,PC,6,2,2330.34,12.53,13.84,444.93,390,54.64,2534.28,0,TRAIN
429,2026-02-09,SP002,6,1000,V01,PC,0,2,2316.07,17.69,13.44,445,390,59.64,2518.28,0,TRAIN
430,2026-02-10,SP002,6,1000,V01,PC,1,2,2289.18,22.87,14.8,454.32,390,60.64,2493.57,0,TRAIN
431,2026-02-11,SP002,6,1000,V01,PC,2,2,2254.11,19.69,14.97,464.66,390,57.64,2466.04,0,TRAIN
432,2026-02-12,SP002,6,1000,V01,PC,3,2,2613.22,24.01,16.8,468.66,0,58.64,2435.33,0,TRAIN
433,2026-02-13,SP002,6,1000,V01,PC,4,2,2583.01,19.74,17.7,471.8,0,62.64,2413.94,0,TRAIN
434,2026-02-14,SP002,6,1000,V01,PC,5,2,2553.07,14.89,18.77,472.85,0,60.64,2394.28,0,TRAIN
435,2026-02-15,SP002,6,1000,V01,PC,6,2,2534.28,9.26,18.31,465.73,0,66.64,2372.01,0,TRAIN
436,2026-02-16,SP002,6,1000,V01,PC,0,2,2518.28,14.51,17.85,452.25,0,65.64,2358.74,0,TRAIN
437,2026-02-17,SP002,6,1000,V01,PC,1,2,2493.57,18.33,17.2,456.87,0,66.64,2327.85,0,TRAIN
438,2026-02-18,SP002,6,1000,V01,PC,2,2,2466.04,18.51,17.04,462.94,277,62.64,2578.78,0,TRAIN
439,2026-02-19,SP002,6,1000,V01,PC,3,2,2435.33,11.19,15.2,461.94,277,57.64,2550.89,0,TRAIN
440,2026-02-20,SP002,6,1000,V01,PC,4,2,2413.94,11.46,14.02,459.8,277,58.64,2520.68,0,TRAIN
441,2026-02-21,SP002,6,1000,V01,PC,5,2,2394.28,12.37,13.66,455.75,277,55.64,2493.74,0,TRAIN
442,2026-02-22,SP002,6,1000,V01,PC,6,2,2372.01,7.53,13.41,451.93,277,51.64,2477.95,0,TRAIN
443,2026-02-23,SP002,6,1000,V01,PC,0,2,2358.74,19.69,14.15,448,277,48.64,2468.95,0,TRAIN
444,2026-02-24,SP002,6,1000,V01,PC,1,2,2327.85,20.87,14.52,460.32,277,48.64,2443.24,0,TRAIN
445,2026-02-25,SP002,6,1000,V01,PC,2,2,2578.78,20.69,14.83,474.66,0,51.64,2415.71,0,TRAIN
446,2026-02-26,SP002,6,1000,V01,PC,3,2,2550.89,19.01,15.95,478.66,0,50.64,2393,0,TRAIN
447,2026-02-27,SP002,6,1000,V01,PC,4,2,2520.68,21.74,17.41,480.8,0,44.64,2373.61,0,TRAIN
448,2026-02-28,SP002,6,1000,V01,PC,5,2,2493.74,9.89,17.06,482.85,0,46.64,2353.95,0,TRAIN
449,2026-03-01,SP002,6,1000,V01,PC,6,3,2477.95,6.26,16.88,474.73,0,45.64,2339.68,0,TRAIN
450,2026-03-02,SP002,6,1000,V01,PC,0,3,2468.95,14.51,16.14,461.25,0,44.64,2330.41,0,TRAIN
451,2026-03-03,SP002,6,1000,V01,PC,1,3,2443.24,19.33,15.92,460.87,320,38.64,2629.52,0,TRAIN
452,2026-03-04,SP002,6,1000,V01,PC,2,3,2415.71,16.51,15.32,470.94,320,39.64,2600.45,0,TRAIN
453,2026-03-05,SP002,6,1000,V01,PC,3,3,2393,14.19,14.63,466.94,320,44.64,2569.56,0,TRAIN
454,2026-03-06,SP002,6,1000,V01,PC,4,3,2373.61,12.46,13.31,467.8,320,47.64,2538.35,0,TRAIN
455,2026-03-07,SP002,6,1000,V01,PC,5,3,2353.95,9.37,13.23,461.75,320,47.64,2511.41,0,TRAIN
456,2026-03-08,SP002,6,1000,V01,PC,6,3,2339.68,7.53,13.41,459.93,320,48.64,2488.62,0,TRAIN
457,2026-03-09,SP002,6,1000,V01,PC,0,3,2330.41,15.69,13.58,454,320,53.64,2475.62,0,TRAIN
458,2026-03-10,SP002,6,1000,V01,PC,1,3,2629.52,19.87,13.66,462.32,0,60.64,2443.91,0,TRAIN
459,2026-03-11,SP002,6,1000,V01,PC,2,3,2600.45,19.69,14.11,469.66,0,57.64,2425.38,0,TRAIN
460,2026-03-12,SP002,6,1000,V01,PC,3,3,2569.56,23.01,15.37,471.66,0,52.64,2400.67,0,TRAIN
461,2026-03-13,SP002,6,1000,V01,PC,4,3,2538.35,19.74,16.41,471.8,0,56.64,2370.28,0,TRAIN
462,2026-03-14,SP002,6,1000,V01,PC,5,3,2511.41,16.89,17.49,471.85,0,60.64,2347.62,0,TRAIN
463,2026-03-15,SP002,6,1000,V01,PC,6,3,2488.62,6.26,17.31,464.73,0,59.64,2334.35,0,TRAIN
464,2026-03-16,SP002,6,1000,V01,PC,0,3,2475.62,19.51,17.85,451.25,581,61.64,2895.08,0,TRAIN
465,2026-03-17,SP002,6,1000,V01,PC,1,3,2443.91,12.33,16.78,455.87,581,59.64,2864.19,0,TRAIN
466,2026-03-18,SP002,6,1000,V01,PC,2,3,2425.38,18.51,16.61,458.94,581,63.64,2834.12,0,TRAIN
467,2026-03-19,SP002,6,1000,V01,PC,3,3,2400.67,18.19,15.92,462.94,581,67.64,2800.23,0,TRAIN
468,2026-03-20,SP002,6,1000,V01,PC,4,3,2370.28,11.46,14.74,462.8,581,65.64,2766.02,0,TRAIN
469,2026-03-21,SP002,6,1000,V01,PC,5,3,2347.62,8.37,13.52,455.75,581,60.64,2741.08,0,TRAIN
470,2026-03-22,SP002,6,1000,V01,PC,6,3,2334.35,11.53,14.27,452.93,581,61.64,2724.29,0,TRAIN
471,2026-03-23,SP002,6,1000,V01,PC,0,3,2895.08,20.69,14.44,453,0,59.64,2707.29,0,TRAIN
472,2026-03-24,SP002,6,1000,V01,PC,1,3,2864.19,19.87,15.52,461.32,0,54.64,2688.58,0,TRAIN
473,2026-03-25,SP002,6,1000,V01,PC,2,3,2834.12,23.69,16.26,473.66,0,52.64,2662.05,0,TRAIN
474,2026-03-26,SP002,6,1000,V01,PC,3,3,2800.23,24.01,17.09,477.66,0,54.64,2634.34,0,TRAIN
475,2026-03-27,SP002,6,1000,V01,PC,4,3,2766.02,18.74,18.13,480.8,0,49.64,2617.95,0,TRAIN
476,2026-03-28,SP002,6,1000,V01,PC,5,3,2741.08,10.89,18.49,478.85,0,50.64,2599.29,0,TRAIN
477,2026-03-29,SP002,6,1000,V01,PC,6,3,2724.29,10.26,18.31,470.73,596,52.64,3173.02,0,TEST
478,2026-03-30,SP002,6,1000,V01,PC,0,3,2707.29,13.51,17.28,459.25,596,53.64,3153.75,0,TEST
479,2026-03-31,SP002,6,1000,V01,PC,1,3,2688.58,18.33,17.06,462.87,596,55.64,3127.86,0,TEST
480,2026-04-01,SP002,6,1000,V01,PC,2,4,2662.05,15.51,15.89,474.94,596,56.64,3097.79,0,TEST
481,2026-04-02,SP002,6,1000,V01,PC,3,4,2634.34,11.19,14.06,475.94,596,52.64,3065.9,0,TEST
482,2026-04-03,SP002,6,1000,V01,PC,4,4,2617.95,11.46,13.02,467.8,596,56.64,3036.69,0,TEST
483,2026-04-04,SP002,6,1000,V01,PC,5,4,2599.29,14.37,13.52,462.75,596,54.64,3014.75,0,TEST
484,2026-04-05,SP002,6,1000,V01,PC,6,4,3173.02,11.53,13.7,462.93,0,49.64,2998.96,0,TEST
485,2026-04-06,SP002,6,1000,V01,PC,0,4,3153.75,18.69,14.44,462,0,46.64,2981.96,0,TEST
486,2026-04-07,SP002,6,1000,V01,PC,1,4,3127.86,20.87,14.8,471.32,0,48.64,2955.25,0,TEST
487,2026-04-08,SP002,6,1000,V01,PC,2,4,3097.79,23.69,15.97,484.66,0,51.64,2929.72,0,TEST
488,2026-04-09,SP002,6,1000,V01,PC,3,4,3065.9,20.01,17.23,492.66,0,51.64,2905.01,0,TEST
489,2026-04-10,SP002,6,1000,V01,PC,4,4,3036.69,16.74,17.99,492.8,0,52.64,2878.62,0,TEST
490,2026-04-11,SP002,6,1000,V01,PC,5,4,3014.75,12.89,17.77,489.85,298,58.64,3153.96,0,TEST
491,2026-02-01,SP003,7,1000,V01,PC,6,2,2621.49,10.45,,501.6,0,63.28,2466.3,0,TRAIN
492,2026-02-02,SP003,7,1000,V01,PC,0,2,2606.15,13.84,,488.33,0,68.28,2442.67,0,TRAIN
493,2026-02-03,SP003,7,1000,V01,PC,1,2,2584.91,14.83,,486.87,0,69.28,2412.21,0,TRAIN
494,2026-02-04,SP003,7,1000,V01,PC,2,2,2560.68,12.34,,491.25,0,72.28,2381.74,0,TRAIN
495,2026-02-05,SP003,7,1000,V01,PC,3,2,2533.94,14.47,,483.75,0,71.28,2349.78,0,TRAIN
496,2026-02-06,SP003,7,1000,V01,PC,4,2,2508.07,17.18,,483.39,0,68.28,2316.95,0,TRAIN
497,2026-02-07,SP003,7,1000,V01,PC,5,2,2482.49,8.8,13.13,487.23,285,70.28,2573.83,0,TRAIN
498,2026-02-08,SP003,7,1000,V01,PC,6,2,2466.3,13.74,13.6,482.56,285,72.28,2553.14,0,TRAIN
499,2026-02-09,SP003,7,1000,V01,PC,0,2,2442.67,22.06,14.77,477.12,285,67.28,2541.8,0,TRAIN
500,2026-02-10,SP003,7,1000,V01,PC,1,2,2412.21,18.07,15.24,490.38,285,73.28,2512.56,0,TRAIN
501,2026-02-11,SP003,7,1000,V01,PC,2,2,2381.74,18.56,16.13,495.71,285,72.28,2488.33,0,TRAIN
502,2026-02-12,SP003,7,1000,V01,PC,3,2,2349.78,24.43,17.55,496.21,285,71.28,2463.59,0,TRAIN
503,2026-02-13,SP003,7,1000,V01,PC,4,2,2316.95,17.72,17.63,501.57,285,77.28,2435.72,0,TRAIN
504,2026-02-14,SP003,7,1000,V01,PC,5,2,2573.83,11.3,17.98,497.73,0,76.28,2407.14,0,TRAIN
505,2026-02-15,SP003,7,1000,V01,PC,6,2,2553.14,6.45,16.94,485.6,0,72.28,2391.95,0,TRAIN
506,2026-02-16,SP003,7,1000,V01,PC,0,2,2541.8,14.84,15.91,470.33,0,76.28,2376.32,0,TRAIN
507,2026-02-17,SP003,7,1000,V01,PC,1,2,2512.56,12.83,15.16,468.87,0,69.28,2345.86,0,TRAIN
508,2026-02-18,SP003,7,1000,V01,PC,2,2,2488.33,12.34,14.27,469.25,0,72.28,2310.39,0,TRAIN
509,2026-02-19,SP003,7,1000,V01,PC,3,2,2463.59,13.47,12.71,466.75,0,69.28,2279.43,0,TRAIN
510,2026-02-20,SP003,7,1000,V01,PC,4,2,2435.72,19.18,12.92,461.39,0,64.28,2251.6,0,TRAIN
511,2026-02-21,SP003,7,1000,V01,PC,5,2,2407.14,9.8,12.7,463.23,283,67.28,2501.48,0,TRAIN
512,2026-02-22,SP003,7,1000,V01,PC,6,2,2391.95,6.74,12.74,459.56,283,71.28,2476.79,0,TRAIN
513,2026-02-23,SP003,7,1000,V01,PC,0,2,2376.32,23.06,13.92,449.12,283,65.28,2462.45,0,TRAIN
514,2026-02-24,SP003,7,1000,V01,PC,1,2,2345.86,21.07,15.09,463.38,283,70.28,2432.21,0,TRAIN
515,2026-02-25,SP003,7,1000,V01,PC,2,2,2310.39,21.56,16.41,474.71,283,67.28,2405.98,0,TRAIN
516,2026-02-26,SP003,7,1000,V01,PC,3,2,2279.43,18.43,17.12,479.21,283,70.28,2381.24,0,TRAIN
517,2026-02-27,SP003,7,1000,V01,PC,4,2,2251.6,20.72,17.34,475.57,283,72.28,2351.37,0,TRAIN
518,2026-02-28,SP003,7,1000,V01,PC,5,2,2501.48,15.3,18.13,477.73,0,74.28,2320.79,0,TRAIN
519,2026-03-01,SP003,7,1000,V01,PC,6,3,2476.79,11.45,18.8,467.6,0,71.28,2298.6,0,TRAIN
520,2026-03-02,SP003,7,1000,V01,PC,0,3,2462.45,17.84,18.05,459.33,0,74.28,2280.97,0,TRAIN
521,2026-03-03,SP003,7,1000,V01,PC,1,3,2432.21,14.83,17.16,462.87,0,73.28,2246.51,0,TRAIN
522,2026-03-04,SP003,7,1000,V01,PC,2,3,2405.98,12.34,15.84,467.25,0,71.28,2219.04,0,TRAIN
523,2026-03-05,SP003,7,1000,V01,PC,3,3,2381.24,18.47,15.85,465.75,0,70.28,2189.08,0,TRAIN
524,2026-03-06,SP003,7,1000,V01,PC,4,3,2351.37,16.18,15.2,469.39,0,72.28,2152.25,0,TRAIN
525,2026-03-07,SP003,7,1000,V01,PC,5,3,2320.79,15.8,15.27,473.23,403,72.28,2520.13,0,TRAIN
526,2026-03-08,SP003,7,1000,V01,PC,6,3,2298.6,11.74,15.31,474.56,403,76.28,2494.44,0,TRAIN
527,2026-03-09,SP003,7,1000,V01,PC,0,3,2280.97,23.06,16.06,469.12,403,76.28,2482.1,0,TRAIN
528,2026-03-10,SP003,7,1000,V01,PC,1,3,2246.51,18.07,16.52,483.38,403,78.28,2450.86,0,TRAIN
529,2026-03-11,SP003,7,1000,V01,PC,2,3,2219.04,18.56,17.41,487.71,403,79.28,2421.63,0,TRAIN
530,2026-03-12,SP003,7,1000,V01,PC,3,3,2189.08,23.43,18.12,484.21,403,77.28,2398.89,0,TRAIN
531,2026-03-13,SP003,7,1000,V01,PC,4,3,2152.25,20.72,18.77,489.57,403,73.28,2373.02,0,TRAIN
532,2026-03-14,SP003,7,1000,V01,PC,5,3,2520.13,15.3,18.7,491.73,0,69.28,2342.44,0,TRAIN
533,2026-03-15,SP003,7,1000,V01,PC,6,3,2494.44,6.45,17.94,482.6,0,67.28,2319.25,0,TRAIN
534,2026-03-16,SP003,7,1000,V01,PC,0,3,2482.1,17.84,17.2,471.33,0,69.28,2302.62,0,TRAIN
535,2026-03-17,SP003,7,1000,V01,PC,1,3,2450.86,18.83,17.3,477.87,0,63.28,2278.16,0,TRAIN
536,2026-03-18,SP003,7,1000,V01,PC,2,3,2421.63,13.34,16.56,490.25,0,67.28,2245.69,0,TRAIN
537,2026-03-19,SP003,7,1000,V01,PC,3,3,2398.89,16.47,15.56,488.75,0,66.28,2212.73,0,TRAIN
538,2026-03-20,SP003,7,1000,V01,PC,4,3,2373.02,20.18,15.49,492.39,0,64.28,2181.9,0,TRAIN
539,2026-03-21,SP003,7,1000,V01,PC,5,3,2342.44,14.8,15.42,500.23,604,65.28,2756.78,0,TRAIN
540,2026-03-22,SP003,7,1000,V01,PC,6,3,2319.25,8.74,15.74,501.56,604,67.28,2732.09,0,TRAIN
541,2026-03-23,SP003,7,1000,V01,PC,0,3,2302.62,17.06,15.63,491.12,604,65.28,2717.75,0,TRAIN
542,2026-03-24,SP003,7,1000,V01,PC,1,3,2278.16,18.07,15.52,498.38,604,70.28,2686.51,0,TRAIN
543,2026-03-25,SP003,7,1000,V01,PC,2,3,2245.69,24.56,17.13,509.71,604,64.28,2664.28,0,TRAIN
544,2026-03-26,SP003,7,1000,V01,PC,3,3,2212.73,23.43,18.12,511.21,604,67.28,2634.54,0,TRAIN
545,2026-03-27,SP003,7,1000,V01,PC,4,3,2181.9,17.72,17.77,513.57,604,70.28,2605.67,0,TRAIN
546,2026-03-28,SP003,7,1000,V01,PC,5,3,2756.78,14.3,17.7,509.73,0,68.28,2577.09,0,TRAIN
547,2026-03-29,SP003,7,1000,V01,PC,6,3,2732.09,8.45,17.66,505.6,0,69.28,2553.9,0,TEST
548,2026-03-30,SP003,7,1000,V01,PC,0,3,2717.75,18.84,17.91,493.33,0,68.28,2538.27,0,TEST
549,2026-03-31,SP003,7,1000,V01,PC,1,3,2686.51,13.83,17.3,496.87,0,63.28,2507.81,0,TEST
550,2026-04-01,SP003,7,1000,V01,PC,2,4,2664.28,18.34,16.42,499.25,0,65.28,2478.34,0,TEST
551,2026-04-02,SP003,7,1000,V01,PC,3,4,2634.54,18.47,15.71,499.75,0,65.28,2447.38,0,TEST
552,2026-04-03,SP003,7,1000,V01,PC,4,4,2605.67,19.18,15.92,503.39,0,67.28,2410.55,0,TEST
553,2026-04-04,SP003,7,1000,V01,PC,5,4,2577.09,11.8,15.56,510.23,362,72.28,2737.43,0,TEST
554,2026-04-05,SP003,7,1000,V01,PC,6,4,2553.9,10.74,15.89,503.56,362,70.28,2715.74,0,TEST
555,2026-04-06,SP003,7,1000,V01,PC,0,4,2538.27,23.06,16.49,498.12,362,73.28,2694.4,0,TEST
556,2026-04-07,SP003,7,1000,V01,PC,1,4,2507.81,19.07,17.24,505.38,362,76.28,2664.16,0,TEST
557,2026-04-08,SP003,7,1000,V01,PC,2,4,2478.34,19.56,17.41,512.71,362,75.28,2639.93,0,TEST
558,2026-04-09,SP003,7,1000,V01,PC,3,4,2447.38,24.43,18.26,509.21,362,73.28,2611.19,0,TEST
559,2026-04-10,SP003,7,1000,V01,PC,4,4,2410.55,20.72,18.48,515.57,362,71.28,2587.32,0,TEST
560,2026-04-11,SP003,7,1000,V01,PC,5,4,2737.43,12.3,18.55,517.73,0,71.28,2559.74,0,TEST
561,2026-02-01,SP004,8,1000,V01,PC,6,2,2714.95,10.58,,546.88,0,81.92,2518.42,0,TRAIN
562,2026-02-02,SP004,8,1000,V01,PC,0,2,2693.34,21.22,,534.12,0,77.92,2498.38,0,TRAIN
563,2026-02-03,SP004,8,1000,V01,PC,1,2,2661.52,20.54,,537.82,0,82.92,2456.4,0,TRAIN
564,2026-02-04,SP004,8,1000,V01,PC,2,2,2631.38,13.5,,548.78,406,89.92,2818.74,0,TRAIN
565,2026-02-05,SP004,8,1000,V01,PC,3,2,2605.28,17.11,,543.06,406,91.92,2783.04,0,TRAIN
566,2026-02-06,SP004,8,1000,V01,PC,4,2,2573.57,20.26,,543.63,406,92.92,2746.95,0,TRAIN
567,2026-02-07,SP004,8,1000,V01,PC,5,2,2537.71,11.4,16.37,549.39,406,91.92,2712.01,0,TRAIN
568,2026-02-08,SP004,8,1000,V01,PC,6,2,2518.42,13.01,16.72,542.68,406,95.92,2683.6,0,TRAIN
569,2026-02-09,SP004,8,1000,V01,PC,0,2,2498.38,26.38,17.46,536.43,406,93.92,2666.99,0,TRAIN
570,2026-02-10,SP004,8,1000,V01,PC,1,2,2456.4,27.06,18.39,550.41,406,88.92,2639.17,0,TRAIN
571,2026-02-11,SP004,8,1000,V01,PC,2,2,2818.74,21.1,19.47,569.46,0,84.92,2607.03,0,TRAIN
572,2026-02-12,SP004,8,1000,V01,PC,3,2,2783.04,20.49,19.96,567.18,0,80.92,2580.93,0,TRAIN
573,2026-02-13,SP004,8,1000,V01,PC,4,2,2746.95,20.34,19.97,565.61,0,77.92,2551.22,0,TRAIN
574,2026-02-14,SP004,8,1000,V01,PC,5,2,2712.01,16.52,20.7,563.85,0,77.92,2521.36,0,TRAIN
575,2026-02-15,SP004,8,1000,V01,PC,6,2,2683.6,11.58,20.5,555.88,391,73.92,2889.07,0,TRAIN
576,2026-02-16,SP004,8,1000,V01,PC,0,2,2666.99,17.22,19.19,542.12,391,72.92,2875.03,0,TRAIN
577,2026-02-17,SP004,8,1000,V01,PC,1,2,2639.17,19.54,18.11,544.82,391,74.92,2837.05,0,TRAIN
578,2026-02-18,SP004,8,1000,V01,PC,2,2,2607.03,15.5,17.31,551.78,391,78.92,2798.39,0,TRAIN
579,2026-02-19,SP004,8,1000,V01,PC,3,2,2580.93,17.11,16.83,547.06,391,83.92,2760.69,0,TRAIN
580,2026-02-20,SP004,8,1000,V01,PC,4,2,2551.22,15.26,16.1,545.63,391,86.92,2724.6,0,TRAIN
581,2026-02-21,SP004,8,1000,V01,PC,5,2,2521.36,15.4,15.94,543.39,391,81.92,2694.66,0,TRAIN
582,2026-02-22,SP004,8,1000,V01,PC,6,2,2889.07,10.01,15.72,540.68,0,82.92,2669.25,0,TRAIN
583,2026-02-23,SP004,8,1000,V01,PC,0,2,2875.03,25.38,16.89,535.43,0,89.92,2644.64,0,TRAIN
584,2026-02-24,SP004,8,1000,V01,PC,1,2,2837.05,22.06,17.25,547.41,0,87.92,2615.82,0,TRAIN
585,2026-02-25,SP004,8,1000,V01,PC,2,2,2798.39,22.1,18.19,556.46,0,87.92,2579.68,0,TRAIN
586,2026-02-26,SP004,8,1000,V01,PC,3,2,2760.69,20.49,18.67,555.18,363,83.92,2917.58,0,TRAIN
587,2026-02-27,SP004,8,1000,V01,PC,4,2,2724.6,20.34,19.4,551.61,363,77.92,2891.87,0,TRAIN
588,2026-02-28,SP004,8,1000,V01,PC,5,2,2694.66,16.52,19.56,544.85,363,84.92,2853.01,0,TRAIN
589,2026-03-01,SP004,8,1000,V01,PC,6,3,2669.25,13.58,20.07,538.88,363,85.92,2832.72,0,TRAIN
590,2026-03-02,SP004,8,1000,V01,PC,0,3,2644.64,18.22,19.04,533.12,363,79.92,2816.68,0,TRAIN
591,2026-03-03,SP004,8,1000,V01,PC,1,3,2615.82,19.54,18.68,539.82,363,83.92,2777.7,0,TRAIN
592,2026-03-04,SP004,8,1000,V01,PC,2,3,2579.68,13.5,17.46,548.78,363,81.92,2736.04,0,TRAIN
593,2026-03-05,SP004,8,1000,V01,PC,3,3,2917.58,16.11,16.83,541.06,0,81.92,2699.34,0,TRAIN
594,2026-03-06,SP004,8,1000,V01,PC,4,3,2891.87,22.26,17.1,536.63,0,88.92,2663.25,0,TRAIN
595,2026-03-07,SP004,8,1000,V01,PC,5,3,2853.01,10.4,16.23,545.39,0,83.92,2626.31,0,TRAIN
596,2026-03-08,SP004,8,1000,V01,PC,6,3,2832.72,11.01,15.86,538.68,0,82.92,2606.9,0,TRAIN
597,2026-03-09,SP004,8,1000,V01,PC,0,3,2816.68,24.38,16.74,529.43,342,85.92,2927.29,0,TRAIN
598,2026-03-10,SP004,8,1000,V01,PC,1,3,2777.7,27.06,17.82,542.41,342,80.92,2898.47,0,TRAIN
599,2026-03-11,SP004,8,1000,V01,PC,2,3,2736.04,25.1,19.47,556.46,342,82.92,2863.33,0,TRAIN
600,2026-03-12,SP004,8,1000,V01,PC,3,3,2699.34,19.49,19.96,555.18,342,80.92,2839.23,0,TRAIN
601,2026-03-13,SP004,8,1000,V01,PC,4,3,2663.25,25.34,20.4,547.61,342,73.92,2810.52,0,TRAIN
602,2026-03-14,SP004,8,1000,V01,PC,5,3,2626.31,10.52,20.41,551.85,342,76.92,2778.66,0,TRAIN
603,2026-03-15,SP004,8,1000,V01,PC,6,3,2606.9,13.58,20.78,541.88,342,73.92,2760.37,0,TRAIN
604,2026-03-16,SP004,8,1000,V01,PC,0,3,2927.29,19.22,20.04,535.12,0,73.92,2743.33,0,TRAIN
605,2026-03-17,SP004,8,1000,V01,PC,1,3,2898.47,18.54,18.83,537.82,0,78.92,2707.35,0,TRAIN
606,2026-03-18,SP004,8,1000,V01,PC,2,3,2863.33,14.5,17.31,544.78,0,71.92,2676.69,0,TRAIN
607,2026-03-19,SP004,8,1000,V01,PC,3,3,2839.23,19.11,17.26,542.06,0,74.92,2636.99,0,TRAIN
608,2026-03-20,SP004,8,1000,V01,PC,4,3,2810.52,17.26,16.1,541.63,592,76.92,3196.9,0,TRAIN
609,2026-03-21,SP004,8,1000,V01,PC,5,3,2778.66,12.4,16.37,543.39,592,74.92,3165.96,0,TRAIN
610,2026-03-22,SP004,8,1000,V01,PC,6,3,2760.37,9.01,15.72,538.68,592,74.92,3143.55,0,TRAIN
611,2026-03-23,SP004,8,1000,V01,PC,0,3,2743.33,21.38,16.03,532.43,592,73.92,3128.94,0,TRAIN
612,2026-03-24,SP004,8,1000,V01,PC,1,3,2707.35,21.06,16.39,538.41,592,69.92,3098.12,0,TRAIN
613,2026-03-25,SP004,8,1000,V01,PC,2,3,2676.69,27.1,18.19,549.46,592,70.92,3072.98,0,TRAIN
614,2026-03-26,SP004,8,1000,V01,PC,3,3,2636.99,20.49,18.39,551.18,592,67.92,3046.88,0,TRAIN
615,2026-03-27,SP004,8,1000,V01,PC,4,3,3196.9,18.34,18.54,549.61,0,67.92,3016.17,0,TRAIN
616,2026-03-28,SP004,8,1000,V01,PC,5,3,3165.96,16.52,19.13,545.85,0,65.92,2983.31,0,TRAIN
617,2026-03-29,SP004,8,1000,V01,PC,6,3,3143.55,7.58,18.92,541.88,0,66.92,2966.02,0,TEST
618,2026-03-30,SP004,8,1000,V01,PC,0,3,3128.94,20.22,18.76,529.12,0,65.92,2944.98,0,TEST
619,2026-03-31,SP004,8,1000,V01,PC,1,3,3098.12,14.54,17.83,532.82,557,70.92,3466,0,TEST
620,2026-04-01,SP004,8,1000,V01,PC,2,4,3072.98,16.5,16.31,533.78,557,71.92,3433.34,0,TEST
621,2026-04-02,SP004,8,1000,V01,PC,3,4,3046.88,19.11,16.12,532.06,557,78.92,3396.64,0,TEST
622,2026-04-03,SP004,8,1000,V01,PC,4,4,3016.17,22.26,16.68,531.63,557,79.92,3359.55,0,TEST
623,2026-04-04,SP004,8,1000,V01,PC,5,4,2983.31,10.4,15.8,540.39,557,78.92,3329.61,0,TEST
624,2026-04-05,SP004,8,1000,V01,PC,6,4,2966.02,15.01,16.86,534.68,557,78.92,3312.2,0,TEST
625,2026-04-06,SP004,8,1000,V01,PC,0,4,2944.98,20.38,16.89,527.43,557,78.92,3297.59,0,TEST
626,2026-04-07,SP004,8,1000,V01,PC,1,4,3466,21.06,17.82,537.41,0,75.92,3265.77,0,TEST
627,2026-04-08,SP004,8,1000,V01,PC,2,4,3433.34,20.1,18.33,547.46,0,78.92,3236.63,0,TEST
628,2026-04-09,SP004,8,1000,V01,PC,3,4,3396.64,24.49,19.1,543.18,0,75.92,3209.53,0,TEST
629,2026-04-10,SP004,8,1000,V01,PC,4,4,3359.55,20.34,18.83,540.61,0,78.92,3175.82,0,TEST
630,2026-04-11,SP004,8,1000,V01,PC,5,4,3329.61,10.52,18.84,535.85,365,80.92,3513.96,0,TEST
631,2026-02-01,SP005,9,1000,V01,PC,6,2,2320.76,6.72,,567.82,473,103.56,2566.16,0,TRAIN
632,2026-02-02,SP005,9,1000,V01,PC,0,2,2774.86,19.79,,555.88,0,99.56,2543.7,0,TRAIN
633,2026-02-03,SP005,9,1000,V01,PC,1,2,2742.27,17.57,,559.03,0,100.56,2503.39,0,TRAIN
634,2026-02-04,SP005,9,1000,V01,PC,2,2,2707.9,18.05,,563.88,0,95.56,2469.86,0,TRAIN
635,2026-02-05,SP005,9,1000,V01,PC,3,2,2672.05,19.15,,567.14,0,91.56,2429.81,0,TRAIN
636,2026-02-06,SP005,9,1000,V01,PC,4,2,2638.1,23.64,,567.72,0,88.56,2392.86,0,TRAIN
637,2026-02-07,SP005,9,1000,V01,PC,5,2,2598.66,19.12,17.72,571.31,329,87.56,2684.4,0,TRAIN
638,2026-02-08,SP005,9,1000,V01,PC,6,2,2566.16,14.28,18.8,568.28,329,82.56,2663.38,0,TRAIN
639,2026-02-09,SP005,9,1000,V01,PC,0,2,2543.7,26.51,19.76,564.92,329,85.56,2639.48,0,TRAIN
640,2026-02-10,SP005,9,1000,V01,PC,1,2,2503.39,21.73,20.35,579.31,329,87.56,2606.89,0,TRAIN
641,2026-02-11,SP005,9,1000,V01,PC,2,2,2469.86,26.25,21.53,589.76,329,93.56,2568.52,0,TRAIN
642,2026-02-12,SP005,9,1000,V01,PC,3,2,2429.81,25.15,22.38,593.5,329,95.56,2535.67,0,TRAIN
643,2026-02-13,SP005,9,1000,V01,PC,4,2,2392.86,22.66,22.24,595.92,329,101.56,2500.72,0,TRAIN
644,2026-02-14,SP005,9,1000,V01,PC,5,2,2684.4,12.64,21.32,592.33,0,101.56,2464.28,0,TRAIN
645,2026-02-15,SP005,9,1000,V01,PC,6,2,2663.38,12.72,21.09,578.82,0,106.56,2432.78,0,TRAIN
646,2026-02-16,SP005,9,1000,V01,PC,0,2,2639.48,16.79,19.71,570.88,0,105.56,2407.32,0,TRAIN
647,2026-02-17,SP005,9,1000,V01,PC,1,2,2606.89,20.57,19.54,571.03,0,103.56,2372.01,0,TRAIN
648,2026-02-18,SP005,9,1000,V01,PC,2,2,2568.52,17.05,18.23,579.88,0,97.56,2337.48,0,TRAIN
649,2026-02-19,SP005,9,1000,V01,PC,3,2,2535.67,17.15,17.08,575.14,207,96.56,2501.43,0,TRAIN
650,2026-02-20,SP005,9,1000,V01,PC,4,2,2500.72,21.64,16.94,576.72,207,97.56,2461.48,0,TRAIN
651,2026-02-21,SP005,9,1000,V01,PC,5,2,2464.28,18.12,17.72,582.31,207,95.56,2428.02,0,TRAIN
652,2026-02-22,SP005,9,1000,V01,PC,6,2,2432.78,15.28,18.09,582.28,207,94.56,2400,0,TRAIN
653,2026-02-23,SP005,9,1000,V01,PC,0,2,2407.32,21.51,18.76,577.92,207,96.56,2376.1,0,TRAIN
654,2026-02-24,SP005,9,1000,V01,PC,1,2,2372.01,22.73,19.07,587.31,207,97.56,2345.51,0,TRAIN
655,2026-02-25,SP005,9,1000,V01,PC,2,2,2337.48,28.25,20.67,597.76,207,103.56,2310.14,0,TRAIN
656,2026-02-26,SP005,9,1000,V01,PC,3,2,2501.43,21.15,21.24,602.5,0,101.56,2280.29,0,TRAIN
657,2026-02-27,SP005,9,1000,V01,PC,4,2,2461.48,20.66,21.1,601.92,0,96.56,2250.34,0,TRAIN
658,2026-02-28,SP005,9,1000,V01,PC,5,2,2428.02,15.64,20.75,594.33,0,99.56,2210.9,0,TRAIN
659,2026-03-01,SP005,9,1000,V01,PC,6,3,2400,11.72,20.24,582.82,0,99.56,2186.4,0,TRAIN
660,2026-03-02,SP005,9,1000,V01,PC,0,3,2376.1,15.79,19.42,568.88,0,96.56,2161.94,0,TRAIN
661,2026-03-03,SP005,9,1000,V01,PC,1,3,2345.51,17.57,18.68,570.03,496,100.56,2615.63,0,TRAIN
662,2026-03-04,SP005,9,1000,V01,PC,2,3,2310.14,17.05,17.08,580.88,496,94.56,2577.1,0,TRAIN
663,2026-03-05,SP005,9,1000,V01,PC,3,3,2280.29,16.15,16.37,578.14,496,97.56,2540.05,0,TRAIN
664,2026-03-06,SP005,9,1000,V01,PC,4,3,2250.34,23.64,16.79,576.72,496,95.56,2506.1,0,TRAIN
665,2026-03-07,SP005,9,1000,V01,PC,5,3,2210.9,12.12,16.29,582.31,496,93.56,2466.64,0,TRAIN
666,2026-03-08,SP005,9,1000,V01,PC,6,3,2186.4,15.28,16.8,575.28,496,95.56,2439.62,0,TRAIN
667,2026-03-09,SP005,9,1000,V01,PC,0,3,2161.94,23.51,17.9,566.92,496,94.56,2422.72,0,TRAIN
668,2026-03-10,SP005,9,1000,V01,PC,1,3,2615.63,26.73,19.21,571.31,0,93.56,2389.13,0,TRAIN
669,2026-03-11,SP005,9,1000,V01,PC,2,3,2577.1,21.25,19.81,583.76,0,96.56,2353.76,0,TRAIN
670,2026-03-12,SP005,9,1000,V01,PC,3,3,2540.05,22.15,20.67,578.5,0,99.56,2315.91,0,TRAIN
671,2026-03-13,SP005,9,1000,V01,PC,4,3,2506.1,25.66,20.96,578.92,0,102.56,2281.96,0,TRAIN
672,2026-03-14,SP005,9,1000,V01,PC,5,3,2466.64,12.64,21.03,578.33,0,103.56,2249.52,0,TRAIN
673,2026-03-15,SP005,9,1000,V01,PC,6,3,2439.62,8.72,20.09,565.82,562,103.56,2779.02,0,TRAIN
674,2026-03-16,SP005,9,1000,V01,PC,0,3,2422.72,15.79,18.99,551.88,562,102.56,2757.56,0,TRAIN
675,2026-03-17,SP005,9,1000,V01,PC,1,3,2389.13,20.57,18.11,555.03,562,102.56,2716.25,0,TRAIN
676,2026-03-18,SP005,9,1000,V01,PC,2,3,2353.76,19.05,17.8,562.88,562,104.56,2670.72,0,TRAIN
677,2026-03-19,SP005,9,1000,V01,PC,3,3,2315.91,19.15,17.37,565.14,562,100.56,2632.67,0,TRAIN
678,2026-03-20,SP005,9,1000,V01,PC,4,3,2281.96,17.64,16.22,563.72,562,101.56,2596.72,0,TRAIN
679,2026-03-21,SP005,9,1000,V01,PC,5,3,2249.52,18.12,17.01,564.31,562,102.56,2557.26,0,TRAIN
680,2026-03-22,SP005,9,1000,V01,PC,6,3,2779.02,14.28,17.8,565.28,0,102.56,2532.24,0,TRAIN
681,2026-03-23,SP005,9,1000,V01,PC,0,3,2757.56,23.51,18.9,557.92,0,102.56,2515.34,0,TRAIN
682,2026-03-24,SP005,9,1000,V01,PC,1,3,2716.25,28.73,20.07,563.31,0,96.56,2483.75,0,TRAIN
683,2026-03-25,SP005,9,1000,V01,PC,2,3,2670.72,23.25,20.67,576.76,0,91.56,2457.38,0,TRAIN
684,2026-03-26,SP005,9,1000,V01,PC,3,3,2632.67,20.15,20.81,578.5,0,92.56,2419.53,0,TRAIN
685,2026-03-27,SP005,9,1000,V01,PC,4,3,2596.72,23.66,21.67,575.92,240,90.56,2627.58,0,TRAIN
686,2026-03-28,SP005,9,1000,V01,PC,5,3,2557.26,10.64,20.6,571.33,240,89.56,2590.14,0,TRAIN
687,2026-03-29,SP005,9,1000,V01,PC,6,3,2532.24,9.72,19.95,560.82,240,87.56,2565.64,0,TEST
688,2026-03-30,SP005,9,1000,V01,PC,0,3,2515.34,19.79,19.42,549.88,240,89.56,2544.18,0,TEST
689,2026-03-31,SP005,9,1000,V01,PC,1,3,2483.75,14.57,17.4,554.03,240,96.56,2500.87,0,TEST
690,2026-04-01,SP005,9,1000,V01,PC,2,4,2457.38,22.05,17.23,556.88,240,97.56,2460.34,0,TEST
691,2026-04-02,SP005,9,1000,V01,PC,3,4,2419.53,18.15,16.94,563.14,240,93.56,2424.29,0,TEST
692,2026-04-03,SP005,9,1000,V01,PC,4,4,2627.58,22.64,16.79,563.72,0,95.56,2383.34,0,TEST
693,2026-04-04,SP005,9,1000,V01,PC,5,4,2590.14,12.12,17.01,569.31,0,98.56,2345.88,0,TEST
694,2026-04-05,SP005,9,1000,V01,PC,6,4,2565.64,12.28,17.37,565.28,0,93.56,2321.86,0,TEST
695,2026-04-06,SP005,9,1000,V01,PC,0,4,2544.18,24.51,18.05,553.92,0,96.56,2300.96,0,TEST
696,2026-04-07,SP005,9,1000,V01,PC,1,4,2500.87,27.73,19.93,566.31,0,91.56,2268.37,0,TEST
697,2026-04-08,SP005,9,1000,V01,PC,2,4,2460.34,24.25,20.24,578.76,572,97.56,2804,0,TEST
698,2026-04-09,SP005,9,1000,V01,PC,3,4,2424.29,25.15,21.24,579.5,572,103.56,2768.15,0,TEST
699,2026-04-10,SP005,9,1000,V01,PC,4,4,2383.34,19.66,20.81,577.92,572,106.56,2726.2,0,TEST
700,2026-04-11,SP005,9,1000,V01,PC,5,4,2345.88,16.64,21.46,576.33,572,106.56,2684.76,0,TEST
701,2026-02-01,2797,10,1000,V01,PC,6,2,2545.08,11.94,,622.52,547,40,2923.83,0,TRAIN
702,2026-02-02,2797,10,1000,V01,PC,0,2,2531.54,16.68,,613.69,547,40,2906.77,0,TRAIN
703,2026-02-03,2797,10,1000,V01,PC,1,2,2508.86,16,,613.62,547,38,2874.45,0,TRAIN
704,2026-02-04,2797,10,1000,V01,PC,2,2,3030.86,19.02,,620.68,0,36,2837.45,0,TRAIN
705,2026-02-05,2797,10,1000,V01,PC,3,2,3006.84,24.53,,619.02,0,36,2808.47,0,TRAIN
706,2026-02-06,2797,10,1000,V01,PC,4,2,2975.31,24.23,,622.55,0,38,2772,0,TRAIN
707,2026-02-07,2797,10,1000,V01,PC,5,2,2947.08,15.85,18.32,623.76,0,38,2743.23,0,TRAIN
708,2026-02-08,2797,10,1000,V01,PC,6,2,2923.83,15.46,18.82,614.08,0,32,2727.08,0,TRAIN
709,2026-02-09,2797,10,1000,V01,PC,0,2,2906.77,28.32,20.49,607.31,0,36,2712.54,0,TRAIN
710,2026-02-10,2797,10,1000,V01,PC,1,2,2874.45,30,22.49,614.78,546,39,3232.86,0,TRAIN
711,2026-02-11,2797,10,1000,V01,PC,2,2,2837.45,23.98,23.2,628.32,546,35,3206.86,0,TRAIN
712,2026-02-12,2797,10,1000,V01,PC,3,2,2808.47,27.47,23.62,624.98,546,36,3182.84,0,TRAIN
713,2026-02-13,2797,10,1000,V01,PC,4,2,2772,24.77,23.69,625.45,546,30,3155.31,0,TRAIN
714,2026-02-14,2797,10,1000,V01,PC,5,2,2743.23,14.75,23.54,626.24,546,31,3126.08,0,TRAIN
715,2026-02-15,2797,10,1000,V01,PC,6,2,2727.08,8.94,22.6,615.52,546,34,3102.83,0,TRAIN
716,2026-02-16,2797,10,1000,V01,PC,0,2,2712.54,18.68,21.23,604.69,546,31,3089.77,0,TRAIN
717,2026-02-17,2797,10,1000,V01,PC,1,2,3232.86,23,20.23,608.62,0,31,3053.45,0,TRAIN
718,2026-02-18,2797,10,1000,V01,PC,2,2,3206.86,18.02,19.38,620.68,0,36,3018.45,0,TRAIN
719,2026-02-19,2797,10,1000,V01,PC,3,2,3182.84,24.53,18.96,622.02,0,33,2990.47,0,TRAIN
720,2026-02-20,2797,10,1000,V01,PC,4,2,3155.31,24.23,18.88,623.55,0,33,2966,0,TRAIN
721,2026-02-21,2797,10,1000,V01,PC,5,2,3126.08,18.85,19.46,629.76,0,37,2931.23,0,TRAIN
722,2026-02-22,2797,10,1000,V01,PC,6,2,3102.83,10.46,19.68,625.08,0,38,2910.08,0,TRAIN
723,2026-02-23,2797,10,1000,V01,PC,0,2,3089.77,29.32,21.2,615.31,457,37,3357.54,0,TRAIN
724,2026-02-24,2797,10,1000,V01,PC,1,2,3053.45,27,21.77,623.78,457,37,3334.86,0,TRAIN
725,2026-02-25,2797,10,1000,V01,PC,2,2,3018.45,24.98,22.77,636.32,457,35,3311.86,0,TRAIN
726,2026-02-26,2797,10,1000,V01,PC,3,2,2990.47,21.47,22.33,635.98,457,42,3279.84,0,TRAIN
727,2026-02-27,2797,10,1000,V01,PC,4,2,2966,25.77,22.55,632.45,457,42,3252.31,0,TRAIN
728,2026-02-28,2797,10,1000,V01,PC,5,2,2931.23,15.75,22.11,633.24,457,43,3222.08,0,TRAIN
729,2026-03-01,2797,10,1000,V01,PC,6,3,2910.08,7.94,21.75,622.52,457,39,3204.83,0,TRAIN
730,2026-03-02,2797,10,1000,V01,PC,0,3,3357.54,15.68,19.8,608.69,0,45,3180.77,0,TRAIN
731,2026-03-03,2797,10,1000,V01,PC,1,3,3334.86,17,18.37,607.62,0,41,3154.45,0,TRAIN
732,2026-03-04,2797,10,1000,V01,PC,2,3,3311.86,22.02,17.95,612.68,0,41,3125.45,0,TRAIN
733,2026-03-05,2797,10,1000,V01,PC,3,3,3279.84,24.53,18.38,618.02,0,34,3099.47,0,TRAIN
734,2026-03-06,2797,10,1000,V01,PC,4,3,3252.31,20.23,17.59,626.55,0,41,3066,0,TRAIN
735,2026-03-07,2797,10,1000,V01,PC,5,3,3222.08,15.85,17.61,627.76,0,39,3036.23,0,TRAIN
736,2026-03-08,2797,10,1000,V01,PC,6,3,3204.83,16.46,18.82,619.08,483,45,3499.08,0,TRAIN
737,2026-03-09,2797,10,1000,V01,PC,0,3,3180.77,23.32,19.92,611.31,483,38,3489.54,0,TRAIN
738,2026-03-10,2797,10,1000,V01,PC,1,3,3154.45,23,20.77,618.78,483,43,3462.86,0,TRAIN
739,2026-03-11,2797,10,1000,V01,PC,2,3,3125.45,22.98,20.91,626.32,483,42,3437.86,0,TRAIN
740,2026-03-12,2797,10,1000,V01,PC,3,3,3099.47,23.47,20.76,620.98,483,43,3411.84,0,TRAIN
741,2026-03-13,2797,10,1000,V01,PC,4,3,3066,21.77,20.98,614.45,483,41,3383.31,0,TRAIN
742,2026-03-14,2797,10,1000,V01,PC,5,3,3036.23,12.75,20.54,612.24,483,43,3353.08,0,TRAIN
743,2026-03-15,2797,10,1000,V01,PC,6,3,3499.08,8.94,19.46,597.52,0,41,3330.83,0,TRAIN
744,2026-03-16,2797,10,1000,V01,PC,0,3,3489.54,18.68,18.8,581.69,0,45,3312.77,0,TRAIN
745,2026-03-17,2797,10,1000,V01,PC,1,3,3462.86,20,18.37,585.62,0,44,3276.45,0,TRAIN
746,2026-03-18,2797,10,1000,V01,PC,2,3,3437.86,22.02,18.23,596.68,0,43,3244.45,0,TRAIN
747,2026-03-19,2797,10,1000,V01,PC,3,3,3411.84,20.53,17.81,600.02,0,49,3211.47,0,TRAIN
748,2026-03-20,2797,10,1000,V01,PC,4,3,3383.31,20.23,17.59,597.55,0,46,3181,0,TRAIN
749,2026-03-21,2797,10,1000,V01,PC,5,3,3353.08,16.85,18.18,599.76,491,41,3645.23,0,TRAIN
750,2026-03-22,2797,10,1000,V01,PC,6,3,3330.83,13.46,18.82,592.08,491,43,3620.08,0,TRAIN
751,2026-03-23,2797,10,1000,V01,PC,0,3,3312.77,29.32,20.34,581.31,491,42,3605.54,0,TRAIN
752,2026-03-24,2797,10,1000,V01,PC,1,3,3276.45,28,21.49,591.78,491,43,3575.86,0,TRAIN
753,2026-03-25,2797,10,1000,V01,PC,2,3,3244.45,22.98,21.62,609.32,491,47,3545.86,0,TRAIN
754,2026-03-26,2797,10,1000,V01,PC,3,3,3211.47,25.47,22.33,602.98,491,40,3524.84,0,TRAIN
755,2026-03-27,2797,10,1000,V01,PC,4,3,3181,21.77,22.55,601.45,491,45,3493.31,0,TRAIN
756,2026-03-28,2797,10,1000,V01,PC,5,3,3645.23,17.75,22.68,598.24,0,44,3464.08,0,TRAIN
757,2026-03-29,2797,10,1000,V01,PC,6,3,3620.08,10.94,22.32,594.52,0,43,3442.83,0,TEST
758,2026-03-30,2797,10,1000,V01,PC,0,3,3605.54,21.68,21.23,579.69,0,40,3430.77,0,TEST
759,2026-03-31,2797,10,1000,V01,PC,1,3,3575.86,22,20.37,585.62,0,38,3399.45,0,TEST
760,2026-04-01,2797,10,1000,V01,PC,2,4,3545.86,18.02,19.66,599.68,0,33,3366.45,0,TEST
761,2026-04-02,2797,10,1000,V01,PC,3,4,3524.84,21.53,19.1,602.02,0,35,3334.47,0,TEST
762,2026-04-03,2797,10,1000,V01,PC,4,4,3493.31,25.23,19.59,606.55,533,29,3841,0,TEST
763,2026-04-04,2797,10,1000,V01,PC,5,4,3464.08,14.85,19.18,609.76,533,32,3813.23,0,TEST
764,2026-04-05,2797,10,1000,V01,PC,6,4,3442.83,11.46,19.25,600.08,533,31,3794.08,0,TEST
765,2026-04-06,2797,10,1000,V01,PC,0,4,3430.77,25.32,19.77,591.31,533,32,3778.54,0,TEST
766,2026-04-07,2797,10,1000,V01,PC,1,4,3399.45,30,20.92,600.78,533,30,3752.86,0,TEST
767,2026-04-08,2797,10,1000,V01,PC,2,4,3366.45,26.98,22.2,614.32,533,31,3726.86,0,TEST
768,2026-04-09,2797,10,1000,V01,PC,3,4,3334.47,22.47,22.33,617.98,533,34,3695.84,0,TEST
769,2026-04-10,2797,10,1000,V01,PC,4,4,3841,20.77,21.69,617.45,0,39,3665.31,0,TEST
770,2026-04-11,2797,10,1000,V01,PC,5,4,3813.23,13.75,21.54,615.24,0,36,3636.08,0,TEST
771,2026-02-01,2798,11,1000,V01,PC,6,2,2295.08,9.32,,618.26,319,58.64,2404.35,0,TRAIN
772,2026-02-02,2798,11,1000,V01,PC,0,2,2281.02,22.98,,608.76,319,59.64,2386.12,0,TRAIN
773,2026-02-03,2798,11,1000,V01,PC,1,2,2249.84,20.88,,620.8,319,61.64,2351.2,0,TRAIN
774,2026-02-04,2798,11,1000,V01,PC,2,2,2220.76,24.37,,628.36,319,59.64,2317.18,0,TRAIN
775,2026-02-05,2798,11,1000,V01,PC,3,2,2188.19,21.16,,633.75,319,58.64,2281.65,0,TRAIN
776,2026-02-06,2798,11,1000,V01,PC,4,2,2473.83,29.88,,637.03,0,55.64,2246.91,0,TRAIN
777,2026-02-07,2798,11,1000,V01,PC,5,2,2431.75,22.5,21.58,646.54,0,53.64,2217.89,0,TRAIN
778,2026-02-08,2798,11,1000,V01,PC,6,2,2404.35,12.49,22.04,646.88,0,54.64,2195.05,0,TRAIN
779,2026-02-09,2798,11,1000,V01,PC,0,2,2386.12,24.72,22.29,635.49,0,55.64,2175.99,0,TRAIN
780,2026-02-10,2798,11,1000,V01,PC,1,2,2351.2,27.82,23.28,642.71,0,56.64,2147.81,0,TRAIN
781,2026-02-11,2798,11,1000,V01,PC,2,2,2317.18,28.33,23.84,655.04,0,59.64,2115.73,0,TRAIN
782,2026-02-12,2798,11,1000,V01,PC,3,2,2281.65,25.54,24.47,655.65,0,61.64,2082.16,0,TRAIN
783,2026-02-13,2798,11,1000,V01,PC,4,2,2246.91,18.82,22.89,657.37,194,58.64,2248.8,0,TRAIN
784,2026-02-14,2798,11,1000,V01,PC,5,2,2217.89,16.94,22.09,647.86,194,59.64,2212.72,0,TRAIN
785,2026-02-15,2798,11,1000,V01,PC,6,2,2195.05,12.32,22.07,641.26,194,58.64,2192.32,0,TRAIN
786,2026-02-16,2798,11,1000,V01,PC,0,2,2175.99,16.98,20.96,632.76,194,53.64,2174.09,0,TRAIN
787,2026-02-17,2798,11,1000,V01,PC,1,2,2147.81,22.88,20.26,635.8,194,51.64,2135.17,0,TRAIN
788,2026-02-18,2798,11,1000,V01,PC,2,2,2115.73,24.37,19.69,644.36,194,53.64,2098.15,0,TRAIN
789,2026-02-19,2798,11,1000,V01,PC,3,2,2082.16,21.16,19.07,650.75,194,55.64,2060.62,0,TRAIN
790,2026-02-20,2798,11,1000,V01,PC,4,2,2248.8,24.88,19.93,652.03,0,58.64,2027.88,0,TRAIN
791,2026-02-21,2798,11,1000,V01,PC,5,2,2212.72,15.5,19.73,652.54,0,58.64,1994.86,0,TRAIN
792,2026-02-22,2798,11,1000,V01,PC,6,2,2192.32,16.49,20.32,643.88,0,63.64,1969.02,0,TRAIN
793,2026-02-23,2798,11,1000,V01,PC,0,2,2174.09,29.72,22.14,635.49,0,68.64,1952.96,0,TRAIN
794,2026-02-24,2798,11,1000,V01,PC,1,2,2135.17,25.82,22.56,649.71,0,64.64,1925.78,0,TRAIN
795,2026-02-25,2798,11,1000,V01,PC,2,2,2098.15,26.33,22.84,664.04,0,64.64,1893.7,0,TRAIN
796,2026-02-26,2798,11,1000,V01,PC,3,2,2060.62,23.54,23.18,660.65,0,58.64,1867.13,0,TRAIN
797,2026-02-27,2798,11,1000,V01,PC,4,2,2027.88,21.82,22.75,653.37,432,56.64,2268.77,0,TRAIN
798,2026-02-28,2798,11,1000,V01,PC,5,2,1994.86,15.94,22.81,645.86,432,51.64,2239.69,0,TRAIN
799,2026-03-01,2798,11,1000,V01,PC,6,3,1969.02,9.32,21.78,641.26,432,49.64,2214.29,0,TRAIN
800,2026-03-02,2798,11,1000,V01,PC,0,3,1952.96,21.98,20.68,627.76,432,51.64,2187.06,0,TRAIN
801,2026-03-03,2798,11,1000,V01,PC,1,3,1925.78,20.88,19.97,634.8,432,56.64,2150.14,0,TRAIN
802,2026-03-04,2798,11,1000,V01,PC,2,3,1893.7,21.37,19.26,646.36,432,50.64,2117.12,0,TRAIN
803,2026-03-05,2798,11,1000,V01,PC,3,3,1867.13,23.16,19.21,644.75,432,51.64,2081.59,0,TRAIN
804,2026-03-06,2798,11,1000,V01,PC,4,3,2268.77,22.88,19.36,647.03,0,53.64,2050.85,0,TRAIN
805,2026-03-07,2798,11,1000,V01,PC,5,3,2239.69,17.5,19.58,645.54,0,57.64,2014.83,0,TRAIN
806,2026-03-08,2798,11,1000,V01,PC,6,3,2214.29,18.49,20.89,641.88,0,56.64,1994.99,0,TRAIN
807,2026-03-09,2798,11,1000,V01,PC,0,3,2187.06,26.72,21.57,630.49,0,54.64,1979.93,0,TRAIN
808,2026-03-10,2798,11,1000,V01,PC,1,3,2150.14,27.82,22.56,634.71,0,49.64,1951.75,0,TRAIN
809,2026-03-11,2798,11,1000,V01,PC,2,3,2117.12,29.33,23.7,650.04,0,49.64,1923.67,0,TRAIN
810,2026-03-12,2798,11,1000,V01,PC,3,3,2081.59,21.54,23.47,654.65,0,52.64,1894.1,0,TRAIN
811,2026-03-13,2798,11,1000,V01,PC,4,3,2050.85,25.82,23.89,648.37,615,51.64,2478.74,0,TRAIN
812,2026-03-14,2798,11,1000,V01,PC,5,3,2014.83,12.94,23.24,645.86,615,52.64,2438.66,0,TRAIN
813,2026-03-15,2798,11,1000,V01,PC,6,3,1994.99,8.32,21.78,633.26,615,51.64,2414.26,0,TRAIN
814,2026-03-16,2798,11,1000,V01,PC,0,3,1979.93,22.98,21.25,622.76,615,46.64,2399.03,0,TRAIN
815,2026-03-17,2798,11,1000,V01,PC,1,3,1951.75,22.88,20.54,628.8,615,46.64,2368.11,0,TRAIN
816,2026-03-18,2798,11,1000,V01,PC,2,3,1923.67,20.37,19.26,639.36,615,50.64,2328.09,0,TRAIN
817,2026-03-19,2798,11,1000,V01,PC,3,3,1894.1,22.16,19.35,642.75,615,47.64,2292.56,0,TRAIN
818,2026-03-20,2798,11,1000,V01,PC,4,3,2478.74,28.88,19.79,642.03,0,46.64,2261.82,0,TRAIN
819,2026-03-21,2798,11,1000,V01,PC,5,3,2438.66,18.5,20.58,646.54,0,43.64,2231.8,0,TRAIN
820,2026-03-22,2798,11,1000,V01,PC,6,3,2414.26,13.49,21.32,643.88,0,45.64,2207.96,0,TRAIN
821,2026-03-23,2798,11,1000,V01,PC,0,3,2399.03,25.72,21.71,632.49,0,49.64,2191.9,0,TRAIN
822,2026-03-24,2798,11,1000,V01,PC,1,3,2368.11,30.82,22.85,642.71,0,55.64,2163.72,0,TRAIN
823,2026-03-25,2798,11,1000,V01,PC,2,3,2328.09,29.33,24.13,657.04,0,52.64,2136.64,0,TRAIN
824,2026-03-26,2798,11,1000,V01,PC,3,3,2292.56,23.54,24.33,656.65,0,56.64,2104.07,0,TRAIN
825,2026-03-27,2798,11,1000,V01,PC,4,3,2261.82,21.82,23.32,654.37,186,60.64,2257.71,0,TRAIN
826,2026-03-28,2798,11,1000,V01,PC,5,3,2231.8,15.94,22.95,649.86,186,64.64,2220.63,0,TRAIN
827,2026-03-29,2798,11,1000,V01,PC,6,3,2207.96,10.32,22.5,642.26,186,66.64,2190.23,0,TEST
828,2026-03-30,2798,11,1000,V01,PC,0,3,2191.9,16.98,21.25,630.76,186,62.64,2174,0,TEST
829,2026-03-31,2798,11,1000,V01,PC,1,3,2163.72,20.88,19.83,631.8,186,58.64,2136.08,0,TEST
830,2026-04-01,2798,11,1000,V01,PC,2,4,2136.64,22.37,18.84,643.36,186,64.64,2095.06,0,TEST
831,2026-04-02,2798,11,1000,V01,PC,3,4,2104.07,21.16,18.5,643.75,186,65.64,2059.53,0,TEST
832,2026-04-03,2798,11,1000,V01,PC,4,4,2257.71,24.88,18.93,644.03,0,64.64,2025.79,0,TEST
833,2026-04-04,2798,11,1000,V01,PC,5,4,2220.63,20.5,19.58,647.54,0,62.64,1995.77,0,TEST
834,2026-04-05,2798,11,1000,V01,PC,6,4,2190.23,14.49,20.18,644.88,0,58.64,1976.93,0,TEST
835,2026-04-06,2798,11,1000,V01,PC,0,4,2174,30.72,22.14,636.49,0,58.64,1964.87,0,TEST
836,2026-04-07,2798,11,1000,V01,PC,1,4,2136.08,28.82,23.28,649.71,0,62.64,1936.69,0,TEST
837,2026-04-08,2798,11,1000,V01,PC,2,4,2095.06,24.33,23.56,660.04,0,57.64,1904.61,0,TEST
838,2026-04-09,2798,11,1000,V01,PC,3,4,2059.53,23.54,23.9,657.65,0,51.64,1879.04,0,TEST
839,2026-04-10,2798,11,1000,V01,PC,4,4,2025.79,19.82,23.17,653.37,299,50.64,2146.68,0,TEST
840,2026-04-11,2798,11,1000,V01,PC,5,4,1995.77,12.94,22.09,643.86,299,47.64,2113.6,0,TEST
841,2026-02-01,2799,12,1000,V01,PC,6,2,2446.87,9.91,,682.22,536,74.28,2761.41,0,TRAIN
842,2026-02-02,2799,12,1000,V01,PC,0,2,2429.07,19.75,,671.17,536,76.28,2735.23,0,TRAIN
843,2026-02-03,2799,12,1000,V01,PC,1,2,2934.92,24.19,,674.6,0,77.28,2694.18,0,TRAIN
844,2026-02-04,2799,12,1000,V01,PC,2,2,2898.33,22.03,,689.88,0,75.28,2659.57,0,TRAIN
845,2026-02-05,2799,12,1000,V01,PC,3,2,2865.9,26.91,,692.16,0,72.28,2629.8,0,TRAIN
846,2026-02-06,2799,12,1000,V01,PC,4,2,2829.59,25.44,,692.88,0,75.28,2590.91,0,TRAIN
847,2026-02-07,2799,12,1000,V01,PC,5,2,2790.75,18.95,21.03,693.29,190,71.28,2746.55,0,TRAIN
848,2026-02-08,2799,12,1000,V01,PC,6,2,2761.41,16.29,21.94,687.33,190,72.28,2717.84,0,TRAIN
849,2026-02-09,2799,12,1000,V01,PC,0,2,2735.23,29.65,23.35,677.18,190,72.28,2694.04,0,TRAIN
850,2026-02-10,2799,12,1000,V01,PC,1,2,2694.18,24.21,23.35,683.88,190,73.28,2661.89,0,TRAIN
851,2026-02-11,2799,12,1000,V01,PC,2,2,2659.57,22.37,23.4,691.8,190,72.28,2630.3,0,TRAIN
852,2026-02-12,2799,12,1000,V01,PC,3,2,2629.8,26.49,23.34,686.52,190,73.28,2594.87,0,TRAIN
853,2026-02-13,2799,12,1000,V01,PC,4,2,2590.91,24.96,23.27,683.8,190,69.28,2557.56,0,TRAIN
854,2026-02-14,2799,12,1000,V01,PC,5,2,2746.55,17.32,23.04,680.39,0,67.28,2520.72,0,TRAIN
855,2026-02-15,2799,12,1000,V01,PC,6,2,2717.84,13.91,22.7,670.22,0,63.28,2495.38,0,TRAIN
856,2026-02-16,2799,12,1000,V01,PC,0,2,2694.04,19.75,21.29,661.17,0,63.28,2469.2,0,TRAIN
857,2026-02-17,2799,12,1000,V01,PC,1,2,2661.89,22.19,21,663.6,0,58.28,2434.15,0,TRAIN
858,2026-02-18,2799,12,1000,V01,PC,2,2,2630.3,27.03,21.66,672.88,583,57.28,2979.54,0,TRAIN
859,2026-02-19,2799,12,1000,V01,PC,3,2,2594.87,28.91,22.01,674.16,583,62.28,2937.77,0,TRAIN
860,2026-02-20,2799,12,1000,V01,PC,4,2,2557.56,29.44,22.65,679.88,583,61.28,2905.88,0,TRAIN
861,2026-02-21,2799,12,1000,V01,PC,5,2,2520.72,17.95,22.74,687.29,583,65.28,2875.52,0,TRAIN
862,2026-02-22,2799,12,1000,V01,PC,6,2,2495.38,16.29,23.08,680.33,583,68.28,2848.81,0,TRAIN
863,2026-02-23,2799,12,1000,V01,PC,0,2,2469.2,27.65,24.21,668.18,583,61.28,2837.01,0,TRAIN
864,2026-02-24,2799,12,1000,V01,PC,1,2,2434.15,29.21,25.21,671.88,583,65.28,2804.86,0,TRAIN
865,2026-02-25,2799,12,1000,V01,PC,2,2,2979.54,28.37,25.4,687.8,0,65.28,2774.27,0,TRAIN
866,2026-02-26,2799,12,1000,V01,PC,3,2,2937.77,24.49,24.77,683.52,0,60.28,2738.84,0,TRAIN
867,2026-02-27,2799,12,1000,V01,PC,4,2,2905.88,18.96,23.27,683.8,0,67.28,2695.53,0,TRAIN
868,2026-02-28,2799,12,1000,V01,PC,5,2,2875.52,16.32,23.04,680.39,0,66.28,2657.69,0,TRAIN
869,2026-03-01,2799,12,1000,V01,PC,6,3,2848.81,8.91,21.99,671.22,391,61.28,3022.35,0,TRAIN
870,2026-03-02,2799,12,1000,V01,PC,0,3,2837.01,20.75,21,654.17,391,61.28,3005.17,0,TRAIN
871,2026-03-03,2799,12,1000,V01,PC,1,3,2804.86,22.19,20,658.6,391,64.28,2958.12,0,TRAIN
872,2026-03-04,2799,12,1000,V01,PC,2,3,2774.27,27.03,19.81,670.88,391,70.28,2912.51,0,TRAIN
873,2026-03-05,2799,12,1000,V01,PC,3,3,2738.84,28.91,20.44,678.16,391,73.28,2872.74,0,TRAIN
874,2026-03-06,2799,12,1000,V01,PC,4,3,2695.53,27.44,21.65,682.88,391,72.28,2838.85,0,TRAIN
875,2026-03-07,2799,12,1000,V01,PC,5,3,2657.69,20.95,22.31,688.29,391,74.28,2800.49,0,TRAIN
876,2026-03-08,2799,12,1000,V01,PC,6,3,3022.35,14.29,23.08,682.33,0,79.28,2774.78,0,TRAIN
877,2026-03-09,2799,12,1000,V01,PC,0,3,3005.17,32.65,24.78,671.18,0,83.28,2758.98,0,TRAIN
878,2026-03-10,2799,12,1000,V01,PC,1,3,2958.12,31.21,26.07,684.88,0,83.28,2723.83,0,TRAIN
879,2026-03-11,2799,12,1000,V01,PC,2,3,2912.51,28.37,26.26,699.8,0,81.28,2684.24,0,TRAIN
880,2026-03-12,2799,12,1000,V01,PC,3,3,2872.74,20.49,25.06,698.52,391,77.28,3039.81,0,TRAIN
881,2026-03-13,2799,12,1000,V01,PC,4,3,2838.85,25.96,24.85,694.8,391,75.28,3002.5,0,TRAIN
882,2026-03-14,2799,12,1000,V01,PC,5,3,2800.49,15.32,24.04,698.39,391,71.28,2967.66,0,TRAIN
883,2026-03-15,2799,12,1000,V01,PC,6,3,2774.78,8.91,23.27,687.22,391,72.28,2937.32,0,TRAIN
884,2026-03-16,2799,12,1000,V01,PC,0,3,2758.98,20.75,21.57,671.17,391,73.28,2915.14,0,TRAIN
885,2026-03-17,2799,12,1000,V01,PC,1,3,2723.83,27.19,21,674.6,391,67.28,2874.09,0,TRAIN
886,2026-03-18,2799,12,1000,V01,PC,2,3,2684.24,28.03,20.95,687.88,391,69.28,2834.48,0,TRAIN
887,2026-03-19,2799,12,1000,V01,PC,3,3,3039.81,25.91,21.72,696.16,0,69.28,2804.71,0,TRAIN
888,2026-03-20,2799,12,1000,V01,PC,4,3,3002.5,26.44,21.79,699.88,0,65.28,2775.82,0,TRAIN
889,2026-03-21,2799,12,1000,V01,PC,5,3,2967.66,18.95,22.31,699.29,0,68.28,2738.46,0,TRAIN
890,2026-03-22,2799,12,1000,V01,PC,6,3,2937.32,14.29,23.08,689.33,0,62.28,2714.75,0,TRAIN
891,2026-03-23,2799,12,1000,V01,PC,0,3,2915.14,32.65,24.78,674.18,180,61.28,2876.95,0,TRAIN
892,2026-03-24,2799,12,1000,V01,PC,1,3,2874.09,25.21,24.5,688.88,180,64.28,2840.8,0,TRAIN
893,2026-03-25,2799,12,1000,V01,PC,2,3,2834.48,22.37,23.69,697.8,180,64.28,2803.21,0,TRAIN
894,2026-03-26,2799,12,1000,V01,PC,3,3,2804.71,21.49,23.06,692.52,180,66.28,2767.78,0,TRAIN
895,2026-03-27,2799,12,1000,V01,PC,4,3,2775.82,25.96,22.99,684.8,180,68.28,2727.47,0,TRAIN
896,2026-03-28,2799,12,1000,V01,PC,5,3,2738.46,18.32,22.9,682.39,180,71.28,2680.63,0,TRAIN
897,2026-03-29,2799,12,1000,V01,PC,6,3,2714.75,10.91,22.42,676.22,180,70.28,2659.29,0,TEST
898,2026-03-30,2799,12,1000,V01,PC,0,3,2876.95,24.75,21.29,668.17,0,73.28,2636.11,0,TEST
899,2026-03-31,2799,12,1000,V01,PC,1,3,2840.8,23.19,21,676.6,0,71.28,2600.06,0,TEST
900,2026-04-01,2799,12,1000,V01,PC,2,4,2803.21,26.03,21.52,690.88,0,71.28,2561.45,0,TEST
901,2026-04-02,2799,12,1000,V01,PC,3,4,2767.78,30.91,22.87,696.16,0,73.28,2522.68,0,TEST
902,2026-04-03,2799,12,1000,V01,PC,4,4,2727.47,32.44,23.79,704.88,257,76.28,2746.79,0,TEST
903,2026-04-04,2799,12,1000,V01,PC,5,4,2680.63,16.95,23.6,710.29,257,69.28,2716.43,0,TEST
904,2026-04-05,2799,12,1000,V01,PC,6,4,2659.29,13.29,23.94,698.33,257,73.28,2694.72,0,TEST
905,2026-04-06,2799,12,1000,V01,PC,0,4,2636.11,26.65,24.21,684.18,257,69.28,2676.92,0,TEST
906,2026-04-07,2799,12,1000,V01,PC,1,4,2600.06,24.21,24.35,689.88,257,71.28,2642.77,0,TEST
907,2026-04-08,2799,12,1000,V01,PC,2,4,2561.45,27.37,24.55,699.8,257,68.28,2607.18,0,TEST
908,2026-04-09,2799,12,1000,V01,PC,3,4,2522.68,20.49,23.06,694.52,257,71.28,2570.75,0,TEST
909,2026-04-10,2799,12,1000,V01,PC,4,4,2746.79,22.96,21.7,683.8,0,71.28,2530.44,0,TEST
910,2026-04-11,2799,12,1000,V01,PC,5,4,2716.43,13.32,21.18,678.39,0,77.28,2490.6,0,TEST
911,2026-02-01,2800,13,1000,V01,PC,6,2,3223.04,12.77,,706.79,209,73.92,3189.19,0,TRAIN
912,2026-02-02,2800,13,1000,V01,PC,0,2,3206.24,25.99,,699.2,209,80.92,3164.32,0,TRAIN
913,2026-02-03,2800,13,1000,V01,PC,1,2,3170.65,22.85,,712.2,209,86.92,3119.61,0,TRAIN
914,2026-02-04,2800,13,1000,V01,PC,2,2,3131.2,29.86,,725.28,209,84.92,3078.76,0,TRAIN
915,2026-02-05,2800,13,1000,V01,PC,3,2,3088.74,26.6,,730.15,209,83.92,3038.92,0,TRAIN
916,2026-02-06,2800,13,1000,V01,PC,4,2,3259.54,28.74,,726.9,0,85.92,2999.82,0,TRAIN
917,2026-02-07,2800,13,1000,V01,PC,5,2,3221.2,22.12,24.13,729.78,0,92.92,2963.86,0,TRAIN
918,2026-02-08,2800,13,1000,V01,PC,6,2,3189.19,13.84,24.29,719.3,0,92.92,2939.98,0,TRAIN
919,2026-02-09,2800,13,1000,V01,PC,0,2,3164.32,29.11,24.73,704.4,0,91.92,2920.18,0,TRAIN
920,2026-02-10,2800,13,1000,V01,PC,1,2,3119.61,26.25,25.22,715.39,0,88.92,2886.59,0,TRAIN
921,2026-02-11,2800,13,1000,V01,PC,2,2,3078.76,28.24,24.99,722.8,614,88.92,3456.14,0,TRAIN
922,2026-02-12,2800,13,1000,V01,PC,3,2,3038.92,25.5,24.83,720.93,614,91.92,3414.68,0,TRAIN
923,2026-02-13,2800,13,1000,V01,PC,4,2,2999.82,19.36,23.49,716.18,614,94.92,3370.48,0,TRAIN
924,2026-02-14,2800,13,1000,V01,PC,5,2,2963.86,13.99,22.33,710.3,614,90.92,3329.14,0,TRAIN
925,2026-02-15,2800,13,1000,V01,PC,6,2,2939.98,9.77,21.75,696.79,614,93.92,3295.13,0,TRAIN
926,2026-02-16,2800,13,1000,V01,PC,0,2,2920.18,20.99,20.59,683.2,614,93.92,3267.26,0,TRAIN
927,2026-02-17,2800,13,1000,V01,PC,1,2,2886.59,29.85,21.1,690.2,614,93.92,3222.55,0,TRAIN
928,2026-02-18,2800,13,1000,V01,PC,2,2,3456.14,26.86,20.9,706.28,0,94.92,3179.7,0,TRAIN
929,2026-02-19,2800,13,1000,V01,PC,3,2,3414.68,27.6,21.2,705.15,0,89.92,3140.86,0,TRAIN
930,2026-02-20,2800,13,1000,V01,PC,4,2,3370.48,28.74,22.54,704.9,0,84.92,3106.76,0,TRAIN
931,2026-02-21,2800,13,1000,V01,PC,5,2,3329.14,21.12,23.56,702.78,0,83.92,3070.8,0,TRAIN
932,2026-02-22,2800,13,1000,V01,PC,6,2,3295.13,17.84,24.71,695.3,0,81.92,3046.92,0,TRAIN
933,2026-02-23,2800,13,1000,V01,PC,0,2,3267.26,32.11,26.3,681.4,392,75.92,3421.12,0,TRAIN
934,2026-02-24,2800,13,1000,V01,PC,1,2,3222.55,27.25,25.93,695.39,392,77.92,3380.53,0,TRAIN
935,2026-02-25,2800,13,1000,V01,PC,2,2,3179.7,29.24,26.27,702.8,392,77.92,3338.08,0,TRAIN
936,2026-02-26,2800,13,1000,V01,PC,3,2,3140.86,22.5,25.54,698.93,392,80.92,3297.62,0,TRAIN
937,2026-02-27,2800,13,1000,V01,PC,4,2,3106.76,24.36,24.92,696.18,392,81.92,3252.42,0,TRAIN
938,2026-02-28,2800,13,1000,V01,PC,5,2,3070.8,12.99,23.76,696.3,392,83.92,3209.08,0,TRAIN
939,2026-03-01,2800,13,1000,V01,PC,6,3,3046.92,13.77,23.17,687.79,392,80.92,3181.07,0,TRAIN
940,2026-03-02,2800,13,1000,V01,PC,0,3,3421.12,25.99,22.3,682.2,0,87.92,3155.2,0,TRAIN
941,2026-03-03,2800,13,1000,V01,PC,1,3,3380.53,26.85,22.24,696.2,0,86.92,3114.49,0,TRAIN
942,2026-03-04,2800,13,1000,V01,PC,2,3,3338.08,27.86,22.05,710.28,0,80.92,3077.64,0,TRAIN
943,2026-03-05,2800,13,1000,V01,PC,3,3,3297.62,32.6,23.49,712.15,0,79.92,3036.8,0,TRAIN
944,2026-03-06,2800,13,1000,V01,PC,4,3,3252.42,29.74,24.26,721.9,0,79.92,3002.7,0,TRAIN
945,2026-03-07,2800,13,1000,V01,PC,5,3,3209.08,20.12,25.28,721.78,607,81.92,3574.74,0,TRAIN
946,2026-03-08,2800,13,1000,V01,PC,6,3,3181.07,14.84,25.43,715.3,607,79.92,3555.86,0,TRAIN
947,2026-03-09,2800,13,1000,V01,PC,0,3,3155.2,27.11,25.59,701.4,607,76.92,3537.06,0,TRAIN
948,2026-03-10,2800,13,1000,V01,PC,1,3,3114.49,27.25,25.65,706.39,607,72.92,3501.47,0,TRAIN
949,2026-03-11,2800,13,1000,V01,PC,2,3,3077.64,29.24,25.84,719.8,607,72.92,3469.02,0,TRAIN
950,2026-03-12,2800,13,1000,V01,PC,3,3,3036.8,21.5,24.26,719.93,607,71.92,3426.56,0,TRAIN
951,2026-03-13,2800,13,1000,V01,PC,4,3,3002.7,19.36,22.77,715.18,607,75.92,3377.36,0,TRAIN
952,2026-03-14,2800,13,1000,V01,PC,5,3,3574.74,12.99,21.76,706.3,0,73.92,3335.02,0,TRAIN
953,2026-03-15,2800,13,1000,V01,PC,6,3,3555.86,10.77,21.17,693.79,0,80.92,3300.01,0,TRAIN
954,2026-03-16,2800,13,1000,V01,PC,0,3,3537.06,25.99,21.01,685.2,0,76.92,3283.14,0,TRAIN
955,2026-03-17,2800,13,1000,V01,PC,1,3,3501.47,22.85,20.39,697.2,0,77.92,3239.43,0,TRAIN
956,2026-03-18,2800,13,1000,V01,PC,2,3,3469.02,31.86,20.76,710.28,0,80.92,3195.58,0,TRAIN
957,2026-03-19,2800,13,1000,V01,PC,3,3,3426.56,32.6,22.35,721.15,234,83.92,3393.74,0,TRAIN
958,2026-03-20,2800,13,1000,V01,PC,4,3,3377.36,28.74,23.69,723.9,234,78.92,3356.64,0,TRAIN
959,2026-03-21,2800,13,1000,V01,PC,5,3,3335.02,22.12,24.99,725.78,234,74.92,3323.68,0,TRAIN
960,2026-03-22,2800,13,1000,V01,PC,6,3,3300.01,12.84,25.29,720.3,234,68.92,3301.8,0,TRAIN
961,2026-03-23,2800,13,1000,V01,PC,0,3,3283.14,33.11,26.3,704.4,234,73.92,3283,0,TRAIN
962,2026-03-24,2800,13,1000,V01,PC,1,3,3239.43,31.25,27.5,716.39,234,79.92,3244.41,0,TRAIN
963,2026-03-25,2800,13,1000,V01,PC,2,3,3195.58,22.24,26.13,729.8,234,76.92,3211.96,0,TRAIN
964,2026-03-26,2800,13,1000,V01,PC,3,3,3393.74,25.5,25.11,719.93,0,76.92,3171.5,0,TRAIN
965,2026-03-27,2800,13,1000,V01,PC,4,3,3356.64,23.36,24.35,718.18,0,79.92,3123.3,0,TRAIN
966,2026-03-28,2800,13,1000,V01,PC,5,3,3323.68,14.99,23.33,712.3,0,81.92,3077.96,0,TRAIN
967,2026-03-29,2800,13,1000,V01,PC,6,3,3301.8,9.77,22.89,704.79,0,81.92,3046.95,0,TEST
968,2026-03-30,2800,13,1000,V01,PC,0,3,3283,21.99,21.3,690.2,0,77.92,3027.08,0,TEST
969,2026-03-31,2800,13,1000,V01,PC,1,3,3244.41,22.85,20.1,699.2,441,75.92,3422.37,0,TEST
970,2026-04-01,2800,13,1000,V01,PC,2,4,3211.96,26.86,20.76,708.28,441,82.92,3376.52,0,TEST
971,2026-04-02,2800,13,1000,V01,PC,3,4,3171.5,33.6,21.92,709.15,441,84.92,3337.68,0,TEST
972,2026-04-03,2800,13,1000,V01,PC,4,4,3123.3,33.74,23.4,715.9,441,84.92,3295.58,0,TEST
973,2026-04-04,2800,13,1000,V01,PC,5,4,3077.96,24.12,24.7,721.78,441,84.92,3261.62,0,TEST
974,2026-04-05,2800,13,1000,V01,PC,6,4,3046.95,14.84,25.43,713.3,441,90.92,3233.74,0,TEST
975,2026-04-06,2800,13,1000,V01,PC,0,4,3027.08,31.11,26.73,698.4,441,94.92,3211.94,0,TEST
976,2026-04-07,2800,13,1000,V01,PC,1,4,3422.37,29.25,27.65,709.39,0,92.92,3171.35,0,TEST
977,2026-04-08,2800,13,1000,V01,PC,2,4,3376.52,23.24,27.13,723.8,0,85.92,3131.9,0,TEST
978,2026-04-09,2800,13,1000,V01,PC,3,4,3337.68,27.5,26.26,719.93,0,85.92,3089.44,0,TEST
979,2026-04-10,2800,13,1000,V01,PC,4,4,3295.58,22.36,24.63,720.18,0,80.92,3047.24,0,TEST
980,2026-04-11,2800,13,1000,V01,PC,5,4,3261.62,14.99,23.33,713.3,0,79.92,3006.9,0,TEST
981,2026-02-01,2801,14,1000,V01,PC,6,2,2614.49,9.88,,737.09,0,80.56,2343.35,0,TRAIN
982,2026-02-02,2801,14,1000,V01,PC,0,2,2599.43,27.63,,720.81,415,84.56,2735.04,0,TRAIN
983,2026-02-03,2801,14,1000,V01,PC,1,2,2559,28.74,,732.43,415,89.56,2687.07,0,TRAIN
984,2026-02-04,2801,14,1000,V01,PC,2,2,2514.46,33.68,,746.29,415,90.56,2640.21,0,TRAIN
985,2026-02-05,2801,14,1000,V01,PC,3,2,2466.98,33.07,,753.34,415,93.56,2596.29,0,TRAIN
986,2026-02-06,2801,14,1000,V01,PC,4,2,2421.11,33.64,,754.67,415,97.56,2555.76,0,TRAIN
987,2026-02-07,2801,14,1000,V01,PC,5,2,2375.67,23.94,27.23,759.63,415,104.56,2515.8,0,TRAIN
988,2026-02-08,2801,14,1000,V01,PC,6,2,2343.35,14.13,27.83,754.5,415,107.56,2489.41,0,TRAIN
989,2026-02-09,2801,14,1000,V01,PC,0,2,2735.04,30.17,28.2,734.99,0,107.56,2468.35,0,TRAIN
990,2026-02-10,2801,14,1000,V01,PC,1,2,2687.07,30.06,28.38,744.22,0,101.56,2432.92,0,TRAIN
991,2026-02-11,2801,14,1000,V01,PC,2,2,2640.21,27.12,27.45,761.15,0,102.56,2389.38,0,TRAIN
992,2026-02-12,2801,14,1000,V01,PC,3,2,2596.29,23.73,26.11,755.1,0,97.56,2349.9,0,TRAIN
993,2026-02-13,2801,14,1000,V01,PC,4,2,2555.76,21.16,24.33,750.77,0,94.56,2307.03,0,TRAIN
994,2026-02-14,2801,14,1000,V01,PC,5,2,2515.8,15.01,23.05,747.81,0,87.56,2261.59,0,TRAIN
995,2026-02-15,2801,14,1000,V01,PC,6,2,2489.41,11.88,22.73,740.09,242,89.56,2466.27,0,TRAIN
996,2026-02-16,2801,14,1000,V01,PC,0,2,2468.35,23.63,21.8,730.81,242,89.56,2443.96,0,TRAIN
997,2026-02-17,2801,14,1000,V01,PC,1,2,2432.92,25.74,21.18,737.43,242,91.56,2402.99,0,TRAIN
998,2026-02-18,2801,14,1000,V01,PC,2,2,2389.38,27.68,21.26,752.29,242,88.56,2363.13,0,TRAIN
999,2026-02-19,2801,14,1000,V01,PC,3,2,2349.9,29.07,22.02,751.34,242,92.56,2323.21,0,TRAIN
1000,2026-02-20,2801,14,1000,V01,PC,4,2,2307.03,33.64,23.81,753.67,242,97.56,2283.68,0,TRAIN
1001,2026-02-21,2801,14,1000,V01,PC,5,2,2261.59,23.94,25.08,752.63,242,99.56,2248.72,0,TRAIN
1002,2026-02-22,2801,14,1000,V01,PC,6,2,2466.27,13.13,25.26,747.5,0,95.56,2220.33,0,TRAIN
1003,2026-02-23,2801,14,1000,V01,PC,0,2,2443.96,27.17,25.77,726.99,0,92.56,2198.27,0,TRAIN
1004,2026-02-24,2801,14,1000,V01,PC,1,2,2402.99,25.06,25.67,733.22,0,90.56,2158.84,0,TRAIN
1005,2026-02-25,2801,14,1000,V01,PC,2,2,2363.13,24.12,25.16,742.15,0,91.56,2111.3,0,TRAIN
1006,2026-02-26,2801,14,1000,V01,PC,3,2,2323.21,20.73,23.97,735.1,0,94.56,2064.82,0,TRAIN
1007,2026-02-27,2801,14,1000,V01,PC,4,2,2283.68,21.16,22.19,727.77,0,93.56,2012.95,0,TRAIN
1008,2026-02-28,2801,14,1000,V01,PC,5,2,2248.72,19.01,21.48,722.81,529,96.56,2495.51,0,TRAIN
1009,2026-03-01,2801,14,1000,V01,PC,6,3,2220.33,15.88,21.88,719.09,529,95.56,2467.19,0,TRAIN
1010,2026-03-02,2801,14,1000,V01,PC,0,3,2198.27,27.63,21.94,712.81,529,95.56,2442.88,0,TRAIN
1011,2026-03-03,2801,14,1000,V01,PC,1,3,2158.84,31.74,22.9,721.43,529,96.56,2400.91,0,TRAIN
1012,2026-03-04,2801,14,1000,V01,PC,2,3,2111.3,27.68,23.4,743.29,529,94.56,2362.05,0,TRAIN
1013,2026-03-05,2801,14,1000,V01,PC,3,3,2064.82,34.07,25.31,743.34,529,88.56,2322.13,0,TRAIN
1014,2026-03-06,2801,14,1000,V01,PC,4,3,2012.95,29.64,26.52,748.67,529,83.56,2287.6,0,TRAIN
1015,2026-03-07,2801,14,1000,V01,PC,5,3,2495.51,19.94,26.65,744.63,0,80.56,2253.64,0,TRAIN
1016,2026-03-08,2801,14,1000,V01,PC,6,3,2467.19,18.13,26.98,731.5,0,79.56,2229.25,0,TRAIN
1017,2026-03-09,2801,14,1000,V01,PC,0,3,2442.88,29.17,27.2,715.99,0,83.56,2209.19,0,TRAIN
1018,2026-03-10,2801,14,1000,V01,PC,1,3,2400.91,25.06,26.24,721.22,0,89.56,2160.76,0,TRAIN
1019,2026-03-11,2801,14,1000,V01,PC,2,3,2362.05,27.12,26.16,732.15,0,94.56,2116.22,0,TRAIN
1020,2026-03-12,2801,14,1000,V01,PC,3,3,2322.13,21.73,24.4,729.1,0,99.56,2069.74,0,TRAIN
1021,2026-03-13,2801,14,1000,V01,PC,4,3,2287.6,20.16,23.04,720.77,575,104.56,2596.87,0,TRAIN
1022,2026-03-14,2801,14,1000,V01,PC,5,3,2253.64,17.01,22.63,713.81,575,102.56,2551.43,0,TRAIN
1023,2026-03-15,2801,14,1000,V01,PC,6,3,2229.25,9.88,21.45,707.09,575,102.56,2524.11,0,TRAIN
1024,2026-03-16,2801,14,1000,V01,PC,0,3,2209.19,29.63,21.51,695.81,575,98.56,2502.8,0,TRAIN
1025,2026-03-17,2801,14,1000,V01,PC,1,3,2160.76,25.74,21.61,710.43,575,91.56,2463.83,0,TRAIN
1026,2026-03-18,2801,14,1000,V01,PC,2,3,2116.22,28.68,21.83,724.29,575,87.56,2417.97,0,TRAIN
1027,2026-03-19,2801,14,1000,V01,PC,3,3,2069.74,30.07,23.02,729.34,575,86.56,2375.05,0,TRAIN
1028,2026-03-20,2801,14,1000,V01,PC,4,3,2596.87,33.64,24.95,733.67,0,85.56,2337.52,0,TRAIN
1029,2026-03-21,2801,14,1000,V01,PC,5,3,2551.43,19.94,25.37,739.63,0,91.56,2296.56,0,TRAIN
1030,2026-03-22,2801,14,1000,V01,PC,6,3,2524.11,15.13,26.12,730.5,0,92.56,2270.17,0,TRAIN
1031,2026-03-23,2801,14,1000,V01,PC,0,3,2502.8,27.17,25.77,711.99,0,96.56,2249.11,0,TRAIN
1032,2026-03-24,2801,14,1000,V01,PC,1,3,2463.83,31.06,26.53,715.22,0,96.56,2211.68,0,TRAIN
1033,2026-03-25,2801,14,1000,V01,PC,2,3,2417.97,26.12,26.16,733.15,0,97.56,2165.14,0,TRAIN
1034,2026-03-26,2801,14,1000,V01,PC,3,3,2375.05,20.73,24.83,732.1,328,94.56,2446.66,0,TRAIN
1035,2026-03-27,2801,14,1000,V01,PC,4,3,2337.52,23.16,23.33,727.77,328,89.56,2398.79,0,TRAIN
1036,2026-03-28,2801,14,1000,V01,PC,5,3,2296.56,18.01,23.05,726.81,328,86.56,2354.35,0,TRAIN
1037,2026-03-29,2801,14,1000,V01,PC,6,3,2270.17,10.88,22.45,724.09,328,92.56,2321.03,0,TEST
1038,2026-03-30,2801,14,1000,V01,PC,0,3,2249.11,25.63,22.23,713.81,328,94.56,2290.72,0,TEST
1039,2026-03-31,2801,14,1000,V01,PC,1,3,2211.68,30.74,22.18,720.43,328,95.56,2244.75,0,TEST
1040,2026-04-01,2801,14,1000,V01,PC,2,4,2165.14,32.68,23.12,735.29,328,97.56,2200.89,0,TEST
1041,2026-04-02,2801,14,1000,V01,PC,3,4,2446.66,36.07,25.31,740.34,0,100.56,2156.97,0,TEST
1042,2026-04-03,2801,14,1000,V01,PC,4,4,2398.79,29.64,26.24,744.67,0,100.56,2122.44,0,TEST
1043,2026-04-04,2801,14,1000,V01,PC,5,4,2354.35,18.94,26.37,746.63,0,100.56,2080.48,0,TEST
1044,2026-04-05,2801,14,1000,V01,PC,6,4,2321.03,18.13,27.4,731.5,0,97.56,2050.09,0,TEST
1045,2026-04-06,2801,14,1000,V01,PC,0,4,2290.72,33.17,28.48,719.99,0,96.56,2023.03,0,TEST
1046,2026-04-07,2801,14,1000,V01,PC,1,4,2244.75,26.06,27.81,733.22,0,96.56,1985.6,0,TEST
1047,2026-04-08,2801,14,1000,V01,PC,2,4,2200.89,27.12,27.02,741.15,309,96.56,2250.06,0,TEST
1048,2026-04-09,2801,14,1000,V01,PC,3,4,2156.97,22.73,25.11,739.1,309,94.56,2203.58,0,TEST
1049,2026-04-10,2801,14,1000,V01,PC,4,4,2122.44,27.16,24.76,736.77,309,97.56,2157.71,0,TEST
1050,2026-04-11,2801,14,1000,V01,PC,5,4,2080.48,19.01,24.77,736.81,309,99.56,2111.27,0,TEST
